Index,Frequency (Hz) ,DFT Cal,DFT Mag,Rz (Ohms),R_real,R_img,R_phase
509,0.8,413.005,353.955,11668.29395,10858.0508,4272.2148,-0.3749
508,0.82,413.005,343.048,12039.26953,11244.7959,4300.9976,-0.3653
507,0.84,413.005,347.071,11899.73633,11053.2305,4407.9272,-0.3795
506,0.86,413.005,351.893,11736.64453,10885.252,4388.6333,-0.3832
505,0.88,413.005,378.356,10915.7832,9698.5039,5009.3252,-0.4768
504,0.9,413.005,352.264,11724.2959,10862.1973,4412.6851,-0.3859
503,0.92,413.005,357.308,11558.79102,10653.7998,4483.5474,-0.3983
502,0.94,413.005,353.391,11686.91895,10792.5703,4483.8052,-0.3938
501,0.97,413.005,284.693,14507.03516,13374.584,5619.1255,-0.3977
500,0.99,413.005,279.501,14776.48828,13772.6094,5353.4902,-0.3707
499,1.01,413.005,281.261,14684.01953,13441.1182,5912.4233,-0.4144
498,1.04,413.005,298.439,13838.82422,12538.2314,5857.1162,-0.437
497,1.06,413.005,313.441,13176.49609,12039.1885,5355.1836,-0.4185
496,1.08,413.011,352.892,11703.59473,10509.2627,5150.6831,-0.4557
495,1.11,413.001,365.225,11308.14453,10299.126,4669.2759,-0.4256
494,1.14,414,357.883,11568.03711,10472.8281,4913.1797,-0.4387
493,1.16,415.005,370.52,11200.6084,10164.7676,4704.3745,-0.4335
492,1.19,413.011,353.142,11695.33398,10628.8242,4879.4395,-0.4304
491,1.22,412.005,373.268,11037.77539,9643.6494,5369.5908,-0.508
490,1.24,413.005,363.494,11362.07715,10355.1104,4676.3745,-0.4242
489,1.27,414.011,366.051,11310.20996,10254.7148,4770.9209,-0.4355
488,1.3,412.011,368.285,11187.27832,10142.0742,4721.603,-0.4357
487,1.33,412.001,374.989,10987.0127,9980.0176,4594.9648,-0.4315
486,1.37,413.005,379.542,10881.66797,9898.2305,4520.5894,-0.4284
485,1.4,412.005,382.953,10758.62598,9726.3604,4598.4731,-0.4416
484,1.43,412.001,384.838,10705.8457,9725.8613,4474.6787,-0.4312
483,1.46,413.001,412.704,10007.18945,9521.9727,3078.2913,-0.3127
482,1.5,414.005,394.939,10482.74707,9427.1582,4584.394,-0.4526
481,1.53,413.001,397.609,10387.11621,9341.3994,4542.0742,-0.4526
480,1.57,414.001,399.93,10351.84277,9359.4014,4422.9243,-0.4415
479,1.6,413.005,393.605,10492.87305,9441.666,4577.6982,-0.4514
478,1.64,413.005,386.846,10676.20313,9553.5596,4765.5869,-0.4627
477,1.68,413.011,415.326,9944.249023,8680.3174,4851.8223,-0.5097
476,1.72,413.011,396.247,10423.05566,9330.8789,4644.8682,-0.4619
475,1.76,413.005,392.21,10530.18652,9373.7861,4797.5991,-0.4731
474,1.8,413.011,400.256,10318.66406,9195.5312,4681.563,-0.4709
473,1.84,412.005,404.283,10190.99316,9077.5498,4631.8931,-0.4718
472,1.88,413.005,401.628,10283.26953,9117.6953,4755.3403,-0.4807
471,1.93,413.005,399.431,10339.83398,8801.0908,5427.0591,-0.5526
470,1.97,413.005,404.784,10203.09473,9026.1211,4757.3394,-0.4851
469,2.02,413.011,405.627,10182.04492,9053.3203,4659.5518,-0.4753
468,2.07,413.011,452.739,9122.485352,7661.3516,4952.1143,-0.5738
467,2.12,413.011,435.167,9490.868164,8408.6191,4401.3306,-0.4822
466,2.16,413.011,436.125,9470.012695,8349.3604,4468.7036,-0.4914
465,2.21,413.011,444.182,9298.227539,8195.1172,4392.8462,-0.4921
464,2.27,413.011,451.356,9150.452148,8057.7461,4336.3003,-0.4937
463,2.32,411.001,449.539,9142.733398,8084.1719,4270.332,-0.486
462,2.37,413.001,456.668,9043.789062,8030.6514,4159.1777,-0.4779
461,2.43,414.005,463.885,8924.735352,7867.7803,4212.9482,-0.4916
460,2.49,413.005,469.766,8791.71582,7727.8408,4192.2241,-0.4971
459,2.54,414.005,472.781,8756.796875,7740.9824,4093.7368,-0.4865
458,2.6,414.011,480.534,8615.639648,7554.2734,4142.7285,-0.5016
457,2.66,412.005,477.766,8623.577148,7597.3018,4080.0845,-0.4928
456,2.73,413.001,485.309,8510.063477,7530.623,3963.6982,-0.4845
455,2.79,413.005,490.295,8423.602539,7420.0156,3987.5366,-0.4931
454,2.85,413.001,490.355,8422.494141,7410.4995,4002.8613,-0.4953
453,2.92,414.005,487.124,8498.958008,7500.5264,3996.7971,-0.4896
452,2.99,413.005,502.412,8220.438477,7229.4766,3912.835,-0.4961
451,3.06,413.005,507.355,8140.353516,7153.2466,3885.4114,-0.4976
450,3.13,413.011,508.595,8120.622559,7157.3721,3836.2146,-0.492
449,3.2,413.005,511.297,8077.586426,7122.4258,3810.3086,-0.4912
448,3.28,413.005,518.423,7966.567383,7035.4067,3737.5449,-0.4883
447,3.35,413.005,508.304,8125.153809,7126.4028,3902.8843,-0.501
446,3.43,414.005,511.215,8098.444824,7173.9985,3757.4656,-0.4825
445,3.51,413.011,532.259,7759.580078,6854.854,3636.2153,-0.4877
444,3.59,413.005,538.046,7676.020508,6802.2368,3556.8054,-0.4818
443,3.68,413.005,538.543,7668.924316,6775.2197,3592.8818,-0.4876
442,3.76,413.005,540.779,7637.220215,6747.4927,3577.4961,-0.4875
441,3.85,413.011,529.513,7799.825684,6926.7861,3585.6538,-0.4777
440,3.94,413.005,542.477,7613.319336,6775.9048,3471.2744,-0.4734
439,4.03,413.011,548.734,7526.614258,6696.2134,3436.6626,-0.4742
438,4.13,413.005,567.073,7283.096191,6482.7163,3319.3191,-0.4732
437,4.22,413.005,545.674,7568.712402,6696.2661,3527.8076,-0.4849
436,4.32,413.011,576.945,7158.589355,6341.2197,3321.7966,-0.4825
435,4.42,413.011,562.15,7346.98291,6536.6621,3354.1333,-0.4741
434,4.53,413.011,565.725,7300.556152,6505.9287,3312.2517,-0.4709
433,4.63,412,573.796,7180.250488,6394.4458,3266.0474,-0.4722
432,4.74,415.001,593.016,6998.14502,6270.6299,3106.9651,-0.46
431,4.85,413.011,578.281,7142.044434,6399.3799,3171.2358,-0.4601
430,4.96,413.001,575.125,7181.066406,6397.4854,3261.8845,-0.4715
429,5.08,412.005,580.057,7102.834961,6364.4468,3153.4241,-0.46
428,5.2,413,581.056,7107.749512,6422.0474,3045.8843,-0.4429
427,5.32,414.005,416.416,9942.105469,8546.8447,5079.0659,-0.5362
426,5.44,413.011,517.264,7984.52832,6589.501,4509.0098,-0.6001
425,5.57,414.005,431.543,9593.602539,8358.418,4708.9341,-0.5131
424,5.7,413.011,438.634,9415.837891,8209.7715,4610.6016,-0.5117
423,5.83,412.005,440.868,9345.300781,8160.2134,4554.729,-0.5091
422,5.97,413.001,450.531,9166.992188,8067.2793,4353.4766,-0.4949
421,6.11,413.005,456.216,9052.836914,7876.1182,4463.252,-0.5156
420,6.25,413.005,458.118,9015.25293,7929.5952,4289.0913,-0.4958
419,6.39,413.011,461.299,8953.209961,7848.8418,4307.627,-0.5019
418,6.54,412.005,459,8976.140625,7899.5264,4262.4619,-0.4948
417,6.7,413.005,465.124,8879.463867,7883.7944,4085.4214,-0.4781
416,6.85,413.005,467.941,8825.998047,7769.5474,4187.168,-0.4943
415,7.01,414.005,476,8697.580078,7654.4731,4130.0044,-0.4948
414,7.18,413.005,471.816,8753.522461,7791.5195,3989.533,-0.4732
413,7.34,413.011,450.348,9170.93457,8156.1333,4193.2715,-0.4749
412,7.51,412.005,451.253,9130.24707,8113.481,4187.2227,-0.4764
411,7.69,413.005,453.927,9098.479492,8138.2666,4068.2847,-0.4636
410,7.87,413.005,456.18,9053.554688,8117.7324,4008.6499,-0.4587
409,8.05,413.011,458.394,9009.955078,8029.2686,4087.8035,-0.4709
408,8.24,413.011,467.799,8828.80957,7898.2446,3945.3284,-0.4633
407,8.43,413.011,443.191,9319.033203,8317.4668,4202.8726,-0.4679
406,8.63,413.011,744.695,5546.043945,4979.6055,2441.7478,-0.4559
405,8.83,413.011,685.607,6024.017578,5393.0693,2683.9504,-0.4618
404,9.04,413.019,756.849,5457.088379,4953.1362,2290.4709,-0.4331
403,9.25,411.011,747.011,5502.076172,5051.6558,2180.2788,-0.4074
402,9.46,415.005,726.257,5714.29834,5245.0566,2267.7263,-0.4081
401,9.68,413.03,656.247,6293.824219,6140.9463,1378.7675,-0.2209
400,9.91,413.011,562.859,7337.73584,6269.1206,3813.2,-0.5465
399,10.14,412.011,620.291,6642.21875,6030.0288,2785.2866,-0.4327
398,10.38,414.011,628.602,6586.211914,6005.1475,2704.8823,-0.4232
397,10.62,412.03,612.694,6724.89502,6169.3848,2676.3613,-0.4093
396,10.87,413.011,642.515,6428.039062,5863.6714,2633.8271,-0.4222
395,11.12,413.019,639.669,6456.762695,5869.0498,2691.4753,-0.43
394,11.38,414.019,665.904,6217.40332,5747.4941,2371.1631,-0.3913
393,11.64,412.019,662.967,6214.782227,5684.7739,2511.3477,-0.416
392,11.91,414.019,665.007,6225.791016,5734.4751,2424.1008,-0.3999
391,12.19,413.019,681.542,6060.069336,5579.1177,2365.9851,-0.4011
390,12.48,412.03,680.701,6053.028809,5546.4937,2423.9568,-0.412
389,12.77,413.019,691.388,5973.773438,5498.7793,2334.3936,-0.4015
388,13.07,412.03,682.633,6035.896973,5560.1001,2348.9014,-0.3997
387,13.37,413.03,695.806,5935.997559,5475.208,2293.0688,-0.3966
386,13.68,413.019,706.781,5843.665039,5385.5552,2268.0862,-0.3986
385,14,412.03,712.215,5785.196777,5376.1455,2136.7178,-0.3783
384,14.33,413.03,716.785,5762.260742,5327.8154,2195.0015,-0.3908
383,14.66,413.03,771.913,5350.734375,5002.937,1897.6251,-0.3625
382,15,412.03,750.267,5491.785645,5099.4849,2038.3726,-0.3803
381,15.35,413.044,780.349,5293.060059,4909.77,1977.5345,-0.3829
380,15.71,413.044,805.621,5127.021484,4758.5532,1908.5393,-0.3814
379,16.08,413.03,810.632,5095.164551,4755.1147,1830.187,-0.3674
378,16.45,413.044,792.077,5214.689453,4878.5117,1842.0399,-0.361
377,16.84,413.044,795.238,5193.959473,4859.2988,1834.2388,-0.3609
376,17.23,413.044,784.404,5265.697754,4934.73,1837.3936,-0.3564
375,17.63,413.044,786.234,5253.443359,4932.1221,1809.0994,-0.3516
374,18.04,413.059,795.006,5195.677734,4892.2046,1749.6847,-0.3435
373,18.46,415.043,790.889,5247.810059,4958.8257,1717.4282,-0.3334
372,18.89,413.03,796.051,5188.490723,4873.6694,1779.8252,-0.3501
371,19.33,411.044,773.191,5316.196777,5028.98,1723.7487,-0.3302
370,19.78,412.059,754.194,5463.576172,5202.7739,1667.8738,-0.3102
369,20.24,413.044,817.891,5050.108398,4819.4399,1508.8385,-0.3034
368,20.72,412.044,830.924,4958.86377,4735.4854,1471.5671,-0.3013
367,21.2,411.06,841.477,4884.975586,4679.021,1403.4772,-0.2914
366,21.69,412.059,863.881,4769.864746,4553.8193,1419.274,-0.3021
365,22.2,413.077,884.537,4669.987305,4416.8687,1516.593,-0.3308
364,22.72,413.077,878.301,4703.144531,4504.856,1351.2362,-0.2914
363,23.25,414.077,901.521,4593.097168,4364.9385,1429.6332,-0.3165
362,23.79,414.077,899.989,4600.913086,4402.1284,1337.7845,-0.295
361,24.34,413.098,896.377,4608.529297,4370.0991,1463.1385,-0.3231
360,24.91,412.098,873.482,4717.881836,4501.894,1411.1565,-0.3038
359,25.49,412.078,771.379,5342.093262,5131.5493,1484.9791,-0.2817
358,26.09,413.077,661.178,6247.601562,6015.9761,1685.3938,-0.2732
357,26.69,413.098,1060.889,3893.886475,3747.3354,1058.2194,-0.2752
356,27.32,412.098,1008.364,4086.802979,3923.4871,1143.7686,-0.2837
355,27.95,413.098,954.627,4327.32373,4178.5757,1124.8276,-0.263
354,28.61,413.121,894.002,4621.028809,4447.1992,1255.5179,-0.2752
353,29.27,413.121,861.757,4793.939453,4651.7822,1158.7815,-0.2441
352,29.96,413.146,825.883,5002.484375,4804.2319,1394.3486,-0.2825
351,30.65,413.146,824.662,5009.88623,4839.4277,1295.7231,-0.2616
350,31.37,413.146,789.354,5233.980469,5014.4438,1499.9675,-0.2907
349,32.1,412.147,802.9,5133.229004,4966.7729,1296.6145,-0.2554
348,32.85,413.174,838.004,4930.459473,4759.772,1286.0807,-0.2639
347,33.61,413.174,774.567,5334.261719,5162.7124,1341.9197,-0.2543
346,34.4,413.174,813.393,5079.635742,4931.4775,1217.8798,-0.2421
345,35.2,413.174,828.995,4984.037109,4850.6401,1145.3903,-0.2319
344,36.02,413.205,834.296,4952.73291,4816.0913,1155.3479,-0.2354
343,36.86,415.146,895.335,4636.763672,4533.1045,974.9571,-0.2118
342,37.72,414.272,825.169,5020.445801,4805.6997,1452.6277,-0.2935
341,38.6,413.272,780.78,5293.071777,5136.2905,1278.7212,-0.244
340,39.5,413.237,1042.246,3964.871826,3824.1445,1046.9613,-0.2672
339,40.42,412.273,1246.647,3307.05542,3172.6858,933.1021,-0.286
338,41.36,412.311,1244.541,3312.954346,3207.167,830.5092,-0.2534
337,42.33,412.311,934.122,4413.883301,4325.8184,877.3026,-0.2001
336,43.31,413.272,859.843,4806.369141,4728.8486,859.7514,-0.1798
335,44.32,413.31,793.393,5209.393555,5104.7622,1038.837,-0.2008
334,45.36,413.272,840.387,4917.643555,4463.0088,2065.1326,-0.4334
333,46.42,413.272,905.844,4562.291016,4466.8535,928.2887,-0.2049
332,47.5,412.311,852.594,4835.956055,4728.7993,1012.3866,-0.2109
331,48.61,413.35,960.427,4303.812012,4216.1489,864.2263,-0.2022
330,49.74,413.35,1095.141,3774.398682,3684.8232,817.4124,-0.2183
329,50.9,412.438,1225.772,3364.720459,3293.1162,690.4554,-0.2067
328,52.09,413.392,1120.23,3690.241455,3606.074,783.6539,-0.214
327,53.3,413.392,866.559,4770.499512,4661.6641,1013.1904,-0.214
326,54.54,413.392,702.054,5888.321289,5798.4087,1025.0765,-0.175
325,55.81,413.484,762.814,5420.509766,5340.5918,927.3654,-0.1719
324,57.12,413.484,859.559,4810.422363,4612.292,1366.356,-0.288
323,58.45,412.535,686.706,6007.445312,5875.0542,1254.249,-0.2103
322,59.81,412.535,632.861,6518.570312,6483.96,670.8395,-0.1031
321,61.2,412.535,586.276,7036.525391,7013.0928,573.7806,-0.0816
320,62.63,412.587,614.997,6708.766602,6614.9688,1117.9177,-0.1674
319,64.09,412.587,726.736,5677.261719,5621.6001,793.0403,-0.1401
318,65.59,412.641,676.489,6099.753906,5997.6357,1111.4705,-0.1832
317,67.12,412.641,646.518,6382.525391,6316.4229,916.2054,-0.144
316,68.68,413.697,676.327,6116.816895,6041.3232,958.0509,-0.1573
315,70.28,412.698,659.501,6257.742188,6148.1445,1166.0438,-0.1874
314,71.92,412.758,707.724,5832.1875,5799.5542,616.1039,-0.1058
313,73.6,410.761,733.556,5599.589355,5451.1665,1280.6976,-0.2308
312,75.31,410.824,715.741,5739.837402,5624.6431,1144.1682,-0.2007
311,77.07,410.955,675.669,6082.190918,6007.2847,951.6158,-0.1571
310,78.87,411.886,696.628,5912.569824,5829.6279,986.8736,-0.1677
309,80.71,413.019,713.896,5785.424805,5726.2266,825.5107,-0.1432
308,82.59,410.955,733.71,5601.056152,5508.9995,1011.3127,-0.1816
307,84.51,413.948,783.733,5281.750488,5198.6289,933.3535,-0.1776
306,86.48,412.022,1000.214,4119.334961,4058.1292,707.4666,-0.1726
305,88.5,413.165,1117.834,3696.118896,3663.7769,487.8867,-0.1324
304,90.56,413.165,752.396,5491.317383,5425.543,847.3768,-0.1549
303,92.68,414.316,691.401,5992.412598,5930.8921,856.463,-0.1434
302,94.84,413.319,700.928,5896.74707,5810.3804,1005.5363,-0.1714
301,97.05,413.401,726.65,5689.129883,5609.2573,949.9642,-0.1678
300,99.31,203.022,734.38,2764.538574,2722.4216,480.722,-0.1748
299,101.63,205.039,787.556,2603.483887,2519.9397,654.2416,-0.254
298,104,202.04,806.598,2504.836914,2456.5015,489.7019,-0.1968
297,106.42,205.01,750.417,2731.945801,2639.9644,702.9343,-0.2602
296,108.9,204.01,807.887,2525.227783,2444.4714,633.51,-0.2536
295,111.44,204.01,819.777,2488.601807,2432.6448,524.7652,-0.2125
294,114.04,205.039,752.049,2726.404297,2701.4312,368.172,-0.1355
293,116.7,204.039,800.403,2549.206055,2434.8586,754.9268,-0.3007
292,119.42,203.01,769.101,2639.572021,2626.4673,262.6976,-0.0997
291,122.2,203.022,710.623,2856.960205,2847.2725,235.0762,-0.0824
290,125.05,204.022,809.581,2520.095459,2501.6289,304.5219,-0.1211
289,127.97,203.002,761.821,2664.69873,2642.6846,341.8152,-0.1286
288,130.95,203.039,804.572,2523.570312,2481.8948,456.7333,-0.182
287,134.01,203.022,853.515,2378.659424,2328.4941,485.9381,-0.2057
286,137.13,203.022,841.637,2412.229248,2378.9692,399.1937,-0.1663
285,140.33,203.01,817.873,2482.168945,2435.4629,479.253,-0.1943
284,143.6,203.022,857.632,2367.240479,2317.1904,484.2068,-0.206
283,146.95,203.022,803.167,2527.770752,2493.0203,417.7021,-0.166
282,150.38,40,125.132,3196.626221,3142.1638,587.559,-0.1849
281,153.88,39.013,131.469,2967.462158,2870.8633,750.9838,-0.2559
280,157.47,40.012,141.662,2824.512939,2734.7017,706.5975,-0.2529
279,161.14,40.012,144.069,2777.306396,2681.634,722.6827,-0.2632
278,164.9,40.012,144.309,2772.70166,2672.2688,739.4959,-0.27
277,168.74,40.012,268.734,1488.925415,1009.0283,1094.8793,-0.8262
276,172.68,40.012,517.042,773.873901,736.687,237.0087,-0.3113
275,176.7,40,1192.511,335.426727,331.6264,50.3487,-0.1507
274,180.82,39.051,1354.81,288.241608,-180.8599,-224.4391,2.2491
273,185.04,41.012,1250.262,328.02887,234.7049,-229.1649,0.7735
272,189.36,40.05,1008.824,396.996765,359.1344,-169.2009,0.4403
271,193.77,40.012,883.84,452.712036,339.9119,299.0118,-0.7215
270,198.29,40.012,917.148,436.270996,-327.9043,287.7693,3.8619
269,202.91,40.012,367.723,1088.115967,816.743,-718.9765,0.7218
268,207.64,38,262.374,1448.315552,1446.2523,77.2806,-0.0534
267,212.48,42.048,326.314,1288.561279,-913.0265,909.2704,3.9249
266,217.44,39.013,266.317,1464.898926,1460.839,108.9884,-0.0745
265,222.51,40.012,188.733,2120.0625,307.1306,2097.6978,-1.4254
264,227.7,39,174.402,2236.214844,1333.5085,-1795.1077,0.9319
263,233.01,41.049,452.482,907.190735,-298.7204,856.5986,4.3768
262,238.44,40.012,298.585,1340.070679,-710.8008,1136.0245,4.1533
261,244,40.012,400.02,1000.262451,-34.9966,999.65,4.6774
260,249.69,41.012,330.72,1240.086426,1065.6816,-634.1427,0.5368
259,255.51,41.012,498.892,822.065918,693.0287,442.1578,-0.5679
258,261.47,41.012,293.155,1398.992188,1396.0902,-90.0629,0.0644
257,267.56,40.012,249.377,1604.496826,1295.7275,946.3087,-0.6308
256,273.8,40.012,416.486,960.715393,916.3444,-288.5951,0.3051
255,280.19,41.012,118.14,3471.498291,-3371.0681,828.9747,3.3827
254,286.72,39.013,404.675,964.052673,505.6118,820.8253,-1.0187
253,293.41,40.05,277.078,1445.442261,1361.4338,-485.5936,0.3426
252,300.25,40.012,494.013,809.947998,-422.2513,-691.1726,2.1192
251,307.25,39.013,488.774,798.177063,791.2097,105.2323,-0.1322
250,314.41,40.05,408.163,981.224915,968.3247,-158.5863,0.1623
249,321.74,40.05,251.857,1590.186157,-418.0852,1534.2415,4.4463
248,329.24,40.012,362.229,1104.618164,1056.5505,322.3077,-0.2961
247,336.92,40.05,273.146,1466.244995,1451.5674,206.9455,-0.1416
246,344.78,40.05,233.452,1715.552246,1487.7064,854.312,-0.5213
245,352.82,39.051,289.36,1349.574829,1321.6449,-273.1431,0.2038
244,361.04,40.05,139.388,2873.273193,2197.7456,-1850.8412,0.6999
243,369.46,40.012,189.18,2115.05127,1552.1528,1436.7544,-0.7468
242,378.07,40.05,162.496,2464.671631,2455.5955,-211.3235,0.0858
241,386.89,40.05,210.376,1903.734009,1413.0779,1275.7014,-0.7344
240,395.91,40.012,426.499,938.162598,701.7554,622.6464,-0.7257
239,405.14,9.055,69.296,1306.760132,816.3266,-1020.4083,0.8961
238,414.59,8.246,153.447,537.397827,500.2973,-196.2117,0.3738
237,424.26,8.062,132.004,610.759583,183.6442,582.4964,-1.2654
236,434.15,9,11.705,7689.219238,-7226.2778,2627.7368,3.4904
235,444.27,8.062,186.762,431.686462,254.5872,348.6238,-0.94
234,454.63,9.055,123.309,734.367981,643.8672,353.1732,-0.5017
233,465.23,7.071,76.538,923.868774,737.4531,556.5038,-0.6465
232,476.08,9.055,98.082,923.250244,825.3639,-413.7215,0.4647
231,487.18,8,21.19,3775.43335,-3563.4741,1247.2167,3.4783
230,498.54,9.055,89.811,1008.272339,218.1999,984.3789,-1.3527
229,510.16,9.055,18.385,4925.47998,3076.9231,3846.1536,-0.8961
228,522.06,8.062,83.57,964.727356,-455.3266,850.5154,4.2209
227,534.23,8,142.864,559.974792,513.4738,223.4198,-0.4104
226,546.69,8.062,80.056,1007.074402,-831.6431,567.9513,3.7408
225,559.43,8.062,170.074,474.045471,404.4944,247.191,-0.5485
224,572.48,8.062,42.19,1910.938477,-415.7308,1865.1686,4.4931
223,585.82,8.062,62.586,1288.189941,130.2018,1281.593,-1.4696
222,599.48,8,55.073,1452.625977,1266.0735,712.166,-0.5124
221,613.46,7.071,38.601,1831.858276,268.4564,1812.0806,-1.4237
220,627.77,8.062,135.665,594.276794,583.5371,-112.4694,0.1904
219,642.4,8.062,69.354,1162.47644,1083.16,-422.0374,0.3715
218,657.38,9.055,160.378,564.628784,508.9226,-244.5473,0.4479
217,672.71,8.062,162.985,494.663574,490.8899,-60.9847,0.1236
216,688.4,8.062,44.911,1795.162354,1700.5453,575.1116,-0.3261
215,704.45,8.062,96.255,837.594788,717.7549,431.7323,-0.5415
214,720.87,8.062,44.181,1824.806274,1782.7869,389.3444,-0.215
213,737.68,8,160.178,499.444305,439.6461,-236.9724,0.4944
212,754.88,9.055,58.412,1550.252441,1318.8745,-814.7715,0.5534
211,772.48,8,118.68,674.0802,-238.5516,630.4579,4.3507
210,790.49,8.062,41.049,1964.068848,-890.2078,-1750.7417,2.0412
209,808.92,6,104.202,575.806213,-513.9067,-259.7164,2.6737
208,827.79,8.544,100.08,853.717651,331.4697,-786.7412,1.172
207,847.09,9.055,147.167,615.31543,614.0919,38.7847,-0.0631
206,866.84,7,183.698,381.059967,149.3555,350.5705,-1.168
205,887.05,8.062,170,474.250458,474.0485,-13.8408,0.0292
204,907.73,8,110.635,723.101501,156.8627,705.8823,-1.3521
203,928.9,6.325,160.256,394.653168,302.1572,253.8743,-0.6988
202,950.56,8,63.695,1255.993652,-473.2561,1163.4211,4.3261
201,972.72,8.062,42.953,1876.974976,991.8699,-1593.4958,1.014
200,995.4,8.062,36.139,2230.925537,-283.3078,-2212.8635,1.6981
199,1018.61,9.055,69.318,1306.352173,1096.7744,709.6773,-0.5743
198,1042.36,8.062,82.462,977.692383,676.4706,705.8823,-0.8067
197,1066.66,8.062,93.648,860.908264,685.2908,521.0946,-0.6501
196,1091.54,8.062,31.765,2538.114014,-2071.3577,-1466.7993,2.5254
195,1116.99,9.22,78.6,1172.966187,765.62,888.637,-0.8596
194,1143.03,8.544,40.497,2109.79126,1695.1218,-1256.0975,0.6377
193,1169.68,9,158.928,566.29541,545.1738,153.2188,-0.274
192,1196.96,8.062,95.047,848.23584,-131.7245,837.9455,4.5565
191,1224.86,8.062,119.641,673.870056,-57.9851,-671.3707,1.657
190,1253.42,8.246,70.803,1164.677246,-742.0707,-897.666,2.2616
189,1282.65,8.246,125.936,654.791199,653.2156,45.3972,-0.0694
188,1312.56,8,118.68,674.0802,647.4974,-187.4335,0.2818
187,1343.16,9.055,44.294,2044.360352,-1681.9572,-1162.0797,2.537
186,1374.48,8.062,159.706,504.818787,179.9577,471.6537,-1.2063
185,1406.53,8.062,70.228,1148.008545,255.4744,1119.2214,-1.3464
184,1439.32,7.071,108.227,653.357605,204.0468,620.6779,-1.2532
183,1472.88,8.246,106.231,776.253662,253.4338,733.7173,-1.2382
182,1507.23,8.062,45.188,1784.139404,543.5847,1699.3143,-1.2612
181,1542.37,8.246,97.021,849.944214,820.1423,223.0957,-0.2656
180,1578.33,8.246,89.894,917.322205,690.5087,603.8856,-0.7186
179,1615.13,6.083,49.396,1231.419312,-631.1476,1057.3771,4.1743
178,1652.79,8,107.205,746.231018,709.9974,229.705,-0.3129
177,1691.33,9.22,57.245,1610.53894,1367.1041,851.3884,-0.557
176,1730.77,8.246,95.462,863.820984,131.68,853.7254,-1.4178
175,1771.12,9.487,125.873,753.683167,753.5975,11.3608,-0.0151
174,1812.42,8.944,133.004,672.482727,540.4184,400.2261,-0.6374
173,1854.68,6.708,84.959,789.583008,286.7831,735.6608,-1.1991
172,1897.92,8.062,64.938,1241.523315,958.027,789.6609,-0.6894
171,1942.17,7.071,99.403,711.35199,507.0338,498.9373,-0.7773
170,1987.46,8.246,131.947,624.964111,607.6967,-145.8932,0.2356
169,2033.8,8.062,91.788,878.358337,753.7092,451.0385,-0.5393
168,2081.22,7.28,70.093,1038.638794,457.9686,932.2206,-1.1142
167,2129.75,7.28,55.866,1303.139893,618.3914,1147.0682,-1.0764
166,2179.41,7.28,80.411,905.357422,808.8463,406.7429,-0.4659
165,2230.22,7.28,95.509,762.242004,23.0214,761.8943,-1.5406
164,2282.22,9.22,56.321,1636.978149,1626.7339,182.8499,-0.1119
163,2335.44,8.246,99.005,832.908142,810.0388,193.838,-0.2349
162,2389.89,8.246,86.585,952.38092,840.3361,448.1793,-0.49
161,2445.62,7.616,65.765,1158.032959,723.6993,904.0463,-0.8957
160,2502.64,8.246,90.377,912.423706,896.1801,-171.4006,0.189
159,2560.99,8.544,63.135,1353.295898,208.2286,1337.1802,-1.4163
158,2620.71,8.246,90.094,915.285645,842.6758,357.2748,-0.401
157,2681.81,7.28,94.403,771.17041,471.2748,610.4129,-0.9133
156,2744.34,8.246,52.431,1572.776733,560.2037,1469.6252,-1.2066
155,2808.33,8.246,48.021,1717.215454,1205.5507,1222.8967,-0.7925
154,2873.81,8.544,85.703,996.932007,767.8693,635.8067,-0.6916
153,2940.82,8.544,41.677,2050.036133,2020.7255,-345.4231,0.1693
152,3009.39,8.944,119.775,746.757446,493.5174,560.4349,-0.8488
151,3079.56,7.28,74.525,976.866028,866.0424,451.9266,-0.481
150,3151.36,7.616,71.694,1062.263916,634.2412,852.1401,-0.931
149,3224.84,8.544,55.444,1541.024292,1499.6747,354.5869,-0.2322
148,3300.04,7.616,117.648,647.336792,406.7626,503.5764,-0.8913
147,3376.98,8.544,85.006,1005.1073,936.8945,363.9635,-0.3705
146,3455.72,8.544,86.284,990.213989,599.0596,788.4487,-0.9211
145,3536.3,7.616,111.803,681.175415,663.9999,152,-0.225
144,3618.75,7.616,24.698,3083.536621,-1770.4918,-2524.5903,2.1824
143,3703.13,7.616,79.906,953.089233,346.1237,888.0189,-1.1991
142,3789.47,7.616,75.286,1011.577332,1005.6458,109.386,-0.1083
141,3877.83,7.616,140.431,542.312439,37.0164,541.0477,-1.5025
140,3968.25,8.062,97.129,830.058533,-11.66,829.9766,-1.5848
139,4060.77,7.616,110.788,687.41803,402.4767,557.2755,-0.9453
138,4155.46,8.062,118.849,678.363525,484.9557,474.3364,-0.7743
137,4252.35,8.062,106.677,755.762817,609.8419,446.3972,-0.6319
136,4351.5,7.616,100.658,756.600098,230.9514,720.4896,-1.2606
135,4452.96,8.062,9.22,8744.746094,6470.5879,5882.3535,-0.7378
134,4556.79,8.062,112.071,719.385803,611.465,378.9809,-0.5548
133,4663.03,8.062,162.61,495.803406,191.7404,457.2271,-1.1737
132,4771.76,8.062,134.38,599.959412,170.0077,575.3683,-1.2835
131,4883.02,8.062,85.053,947.910706,805.9165,499.0324,-0.5544
130,4996.88,8.602,123.146,698.54541,243.3235,654.7972,-1.215
129,5113.39,8.062,68.71,1173.38269,1160.771,171.5739,-0.1467
128,5232.61,6.708,95.885,699.60675,577.5505,394.8227,-0.5996
127,5354.62,8.602,141.014,610.032593,412.874,449.0822,-0.8274
126,5479.47,8.602,120.37,714.655396,251.9153,668.7832,-1.2106
125,5607.24,8.602,114.162,753.518127,438.1187,613.0592,-0.9503
124,5737.98,7.81,168.181,464.394287,304.4016,350.7159,-0.856
123,5871.77,8.602,107.355,801.300476,570.0651,563.1237,-0.7793
122,6008.68,7.81,138.293,564.760315,345.098,447.0588,-0.9134
121,6148.78,7.81,136.033,574.143433,449.0678,357.7412,-0.6727
120,6292.15,7.81,140.431,556.16095,321.4847,453.831,-0.9545
119,6438.86,7.81,121.05,645.210815,391.0462,513.2054,-0.9197
118,6588.99,8.485,142.127,597.022278,403.9604,439.6039,-0.8276
117,6742.62,8.485,136.062,623.631165,320.8555,534.7593,-1.0304
116,6899.84,7.81,174.614,447.286926,244.9984,374.2211,-0.9911
115,7060.72,8.485,144.499,587.220215,379.3103,448.2759,-0.8685
114,7225.35,7.81,150.163,520.11731,313.9829,414.6526,-0.9227
113,7393.82,8.485,143.014,593.318237,413.6312,425.3654,-0.7994
112,7566.22,8.485,163.196,519.943542,349.1909,385.2364,-0.8344
111,7742.64,8.485,167.075,507.873077,369.7069,348.2124,-0.7555
110,7923.17,7.81,155.724,501.544006,282.4742,414.433,-0.9725
109,8107.91,7.81,146.219,534.147339,318.9897,428.4378,-0.9308
108,8296.96,8.602,181.108,474.983978,231.7073,414.6342,-1.0612
107,8490.42,7.211,183.025,393.996399,213.1471,331.3631,-0.9992
106,8688.38,8.602,174.011,494.353882,282.6949,405.5482,-0.962
105,8890.97,7.211,166.027,434.332855,234.3552,365.6811,-1.0009
104,9098.27,8.062,159.389,505.821259,306.6325,402.283,-0.9195
103,9310.41,8.062,188.066,428.691925,251.0673,347.4795,-0.9451
102,9527.5,8.944,169.85,526.598511,302.2635,431.2108,-0.9594
101,9749.65,6.708,192.003,349.380859,216.4655,274.2438,-0.9026
100,9976.98,7.616,199.123,382.465607,200.2522,325.8512,-1.0197
99,10209.61,7.616,192.003,396.649475,227.0446,325.2408,-0.9614
98,10447.66,7.616,173.003,440.210785,255.9305,358.1691,-0.9504
97,10691.26,7.28,212.953,341.864563,168.4712,297.4707,-1.0555
96,10940.55,8.544,205.448,415.871246,231.2303,345.6609,-0.9812
95,11195.64,8.246,211.814,389.314514,192.5777,338.3484,-1.0534
94,11456.69,8.246,200,412.310547,208,356,-1.042
93,11723.82,8.544,192.388,444.103546,302.056,325.5613,-0.8228
92,11997.18,8.246,221.253,372.704651,226.7481,295.7939,-0.9168
91,12276.91,7.28,241.033,302.037659,184.3469,239.255,-0.9143
90,12563.17,9.055,239.842,377.556915,194.3537,323.691,-1.0301
89,12856.1,8.062,222.443,362.441101,239.2838,272.2257,-0.8497
88,13155.86,8.062,231.717,347.934784,218.4642,270.7988,-0.892
87,13462.61,8.062,219.672,367.012634,237.069,280.1724,-0.8685
86,13776.51,7,247.164,283.21286,161.5649,232.6076,-0.9637
85,14097.73,8.062,248.395,324.574249,238.2496,220.4214,-0.7465
84,14426.44,7,249.58,280.471588,183.1755,212.3936,-0.8591
83,14762.82,8.062,260.68,309.278107,174.9713,255.0255,-0.9695
82,15107.03,8.246,236.381,348.852478,191.8534,291.3594,-0.9885
81,15459.28,8.062,266.588,302.424194,187.5642,237.2342,-0.9018
80,15819.73,8.246,254.678,323.789429,143.6919,290.159,-1.111
79,16188.6,7.28,273.821,265.871033,158.0464,213.7961,-0.9342
78,16566.06,7.616,272.029,279.961365,143.2432,240.5405,-1.0337
77,16952.32,8.246,287.642,286.682983,189.7556,214.8952,-0.8474
76,17347.59,8.246,297.478,277.204315,179.6752,211.0901,-0.8656
75,17752.08,7.616,297.41,256.069427,176.0257,185.9745,-0.8129
74,18166,8.602,300.752,286.026825,143.5015,247.424,-1.0452
73,18589.57,7.211,297.254,242.59053,148.9362,191.4894,-0.9098
72,19023.01,7.211,308.007,234.12175,143.3571,185.0993,-0.9118
71,19466.56,7.81,307.561,253.941177,141.1295,211.1127,-0.9815
70,19920.46,7.211,321.361,224.392456,151.4432,165.5806,-0.83
69,20384.93,8.246,328.758,250.82901,164.1346,189.6708,-0.8574
68,20860.24,7.28,338.647,214.976166,138.5571,164.3676,-0.8704
67,21346.63,8.544,339.86,251.397552,161.638,192.5458,-0.8724
66,21844.36,7.616,339.666,224.213577,138.4206,176.3844,-0.9054
65,22353.7,7.616,343.628,221.628601,148.374,164.6342,-0.8373
64,22874.91,7.616,352.695,215.930634,149.8465,155.4737,-0.8038
63,23408.27,8.062,358.622,224.811905,148.1222,169.1159,-0.8515
62,23954.07,8.062,357.001,225.832672,157.3166,162.0243,-0.8001
61,24512.6,8.062,375.741,214.569778,157.3866,145.8412,-0.7473
60,25084.15,7.211,368.912,195.469482,142.8403,133.4352,-0.7514
59,25669.03,7.81,374.931,208.311844,145.6894,148.8906,-0.7963
58,26267.54,7.81,380.189,205.430481,153.5865,136.429,-0.7263
57,26880.01,7.81,385.047,202.839005,157.8298,127.4105,-0.6792
56,27506.76,7.071,383.308,184.474823,143.951,115.365,-0.6756
55,28148.12,7.81,390.786,199.859833,152.3763,129.3267,-0.7038
54,28804.44,7.211,396.309,181.956451,133.9607,123.1369,-0.7433
53,29476.06,8.062,397.508,202.819763,150.1775,136.3179,-0.7371
52,30163.34,8.062,399.242,201.93924,154.2718,130.306,-0.7014
51,30866.65,7.616,402.592,189.168701,141.6584,125.3702,-0.7245
50,31586.35,7.28,411.602,176.872665,128.5593,121.4761,-0.7571
49,32322.84,7.28,408.873,178.053162,133.6906,117.5999,-0.7215
48,33076.5,7.28,410.406,177.388046,141.8962,106.4518,-0.6436
47,33847.73,7.071,406.725,173.853897,136.3156,107.9039,-0.6696
46,34636.94,7.071,431.356,163.926498,132.1022,97.0613,-0.6337
45,35444.56,7,418.862,167.119675,130.0693,104.9332,-0.6788
44,36271,7,417.969,167.476578,139.0399,93.3611,-0.5913
43,37116.72,7.071,420.672,168.089767,134.5464,100.7544,-0.6428
42,37982.15,7.071,423.817,166.842422,140.6851,89.6889,-0.5675
41,38867.77,6.325,429.913,147.112518,115.2441,91.4379,-0.6707
40,39774.03,6.325,430.509,146.908783,123.4501,79.6383,-0.5729
39,40701.43,6.708,427.604,156.878952,127.1569,91.8811,-0.6257
38,41650.44,6.708,430.508,155.820709,133.0549,81.0955,-0.5474
37,42621.59,7.211,426.198,169.195938,143.5768,89.5153,-0.5575
36,43615.38,6.403,428.6,149.396255,124.2801,82.9078,-0.5883
35,44632.34,7.071,427.85,165.269623,140.9405,86.3124,-0.5495
34,45673.01,6.403,458.926,139.524139,96.7652,100.5161,-0.8044
33,46737.95,6.403,426.483,150.137741,132.3891,70.8128,-0.4912
32,47827.72,5.831,427.739,136.32019,122.1572,60.5047,-0.4599
31,48942.9,6.708,428.207,156.658066,139.7243,70.8439,-0.4693
30,50084.08,6.325,415.12,152.354706,135.2096,70.2162,-0.479
29,51251.87,6.083,418.937,145.195251,125.3504,73.273,-0.529
28,52446.89,6.083,431.4,141.000504,125.1437,64.963,-0.4788
27,53669.77,6,406.647,147.548019,130.2597,69.3025,5.7942
26,54921.16,6.083,424.976,143.13176,123.9722,71.5373,5.7598
25,56201.74,6.083,416.454,146.060822,133.3649,59.5616,5.8632
24,57512.17,6.325,422.465,149.705887,134.8073,65.1064,5.8333
23,58853.16,5.831,397.001,146.874893,125.7534,75.8835,5.7402
22,60225.41,5.831,396.057,147.225128,137.5103,52.5943,-0.3653
21,61629.66,5,338.813,147.574203,126.5746,75.8751,-0.54
20,63066.66,5.657,208.856,270.848969,257.6741,-83.446,0.3132
19,64537.15,5,331.059,151.030518,136.8613,63.8686,-0.4366
18,66041.94,5.385,386.907,139.184998,115.0324,78.3583,-0.598
17,67581.81,5.385,374.777,143.689743,131.6408,57.5973,-0.4124
16,69157.59,5.099,403.491,126.372566,110.1318,61.976,-0.5126
15,70770.11,5.099,367.679,138.681198,134.4794,33.8787,-0.2468
14,72420.22,4,327.941,121.973328,116.0444,37.5657,-0.3131
13,74108.81,5.099,345.377,147.636505,135.7254,58.0961,-0.4044
12,75836.78,4.123,349.07,118.116798,113.9926,30.9397,-0.265
11,77605.03,4.472,336.63,132.850052,125.3089,44.1228,-0.3386
10,79414.52,5,328.16,152.364685,142.6329,53.5802,-0.3593
9,81266.2,6.708,582.192,115.223145,112.9377,22.8353,-0.1995
8,83161.04,7.211,543.949,132.569565,127.4841,36.3661,-0.2779
7,85100.07,6.403,572.923,111.762352,107.3906,30.9529,-0.2806
6,87084.31,7.071,555.493,127.293449,123.3096,31.5971,-0.2508
5,89114.82,7.071,540.856,130.73851,130.0744,13.1613,-0.1008
4,91192.68,6.403,553.824,115.6166,113.6212,21.3875,-0.1861
3,93318.98,6.708,487.955,137.475891,129.7774,45.3591,-0.3362
2,95494.86,6.708,515.079,130.236496,129.0208,17.7531,-0.1367
1,97721.47,6.325,549.637,115.067825,113.803,17.0142,-0.1484
0,100000,6.325,530.479,119.22348,118.831,9.6657,-0.0812
