0,100000,7.28,302.69,240.514038,240.4471,5.6755,-0.0236
1,97721.47,6.708,313.844,213.743317,213.5069,-10.0509,0.047
2,95494.86,6.708,311.541,215.32309,214.2018,21.9457,-0.1021
3,93318.98,7.211,300.167,240.236649,240.1776,5.3274,-0.0222
4,91192.68,6.403,312.258,205.058853,204.7075,11.9994,-0.0586
5,89114.82,7.071,323.711,218.437469,218.0572,12.883,-0.059
6,87084.31,7.071,320.938,220.325256,218.9299,24.757,-0.1126
7,85100.07,7.81,314.803,248.099533,244.0944,44.3992,-0.1799
8,83161.04,7.211,320.69,224.862167,222.6717,31.3101,-0.1397
9,81266.2,6.708,321.286,208.791977,207.7985,20.3439,-0.0976
10,79414.52,4.243,192.107,220.848083,205.6632,80.4769,-0.373
11,77605.03,4.472,195.602,228.634888,224.7778,41.8191,-0.1839
12,75836.78,4.123,197.588,208.671906,207.218,24.5895,-0.1181
13,74108.81,4.123,205.061,201.067291,193.8169,53.5077,-0.2694
14,72420.22,4,210.281,190.221878,187.2541,33.4705,-0.1769
15,70770.11,5.099,215.418,236.703293,235.535,23.4888,-0.0994
16,69157.59,5.099,221.07,230.651672,220.1669,68.751,-0.3027
17,67581.81,5.385,224.956,239.387955,234.957,45.8453,-0.1927
18,66041.94,5.831,224.288,259.976379,254.2491,54.269,-0.2103
19,64537.15,5,226.808,220.4505,215.5826,46.0713,-0.2105
20,63066.66,5,235.478,212.333832,211.9026,13.5257,-0.0637
21,61629.66,5,238.202,209.906235,204.4413,47.5855,-0.2287
22,60225.41,5.831,238.12,244.874786,238.9729,53.4382,-0.22
23,58853.16,5.385,243.2,221.429916,217.259,42.7755,-0.1944
24,57512.17,5.385,251.287,214.303619,202.5497,69.9976,-0.3327
25,56201.74,6.083,261.105,232.962021,225.2992,59.2584,6.026
26,54921.16,6.083,262.88,231.38916,218.3602,76.5491,5.946
27,53669.77,6,252.067,238.03154,229.469,63.2692,6.0141
28,52446.89,6.083,249.104,244.185272,232.8654,73.4856,-0.3057
29,51251.87,6.083,265.648,228.978073,218.5095,68.4437,-0.3035
30,50084.08,6.325,259.237,243.967773,232.7243,73.2099,-0.3048
31,48942.9,6.708,269.817,248.62088,239.8319,65.5211,-0.2667
32,47827.72,6.708,269.409,248.997391,236.4255,78.1196,-0.3191
33,46737.95,5.831,259.201,224.958954,208.5287,84.3938,-0.3846
34,45673.01,6.403,274.401,233.34903,218.3383,82.3417,-0.3606
35,44632.34,6.403,278.21,230.154053,207.2325,100.1279,-0.4501
36,43615.38,6.403,268.561,238.423477,230.8492,59.6187,-0.2527
37,42621.59,7.211,275.772,261.48819,246.9428,85.9961,-0.3351
38,41650.44,7.211,275.347,261.891418,242.1653,99.7151,-0.3906
39,40701.43,6.708,286.791,233.905762,219.5771,80.6089,-0.3518
40,39774.03,7.28,287,253.662369,243.9024,69.6864,-0.2783
41,38867.77,7.28,279.789,260.199799,244.1174,90.059,-0.3534
42,37982.15,7.28,282.434,257.763184,236.4327,102.6715,-0.4097
43,37116.72,7.071,273.359,258.673553,240.7494,94.6136,-0.3745
44,36271,7,286.84,244.038757,230.5626,79.9738,-0.3339
45,35444.56,7,273.907,255.561264,237.9207,93.3022,-0.3737
46,34636.94,7,288.461,242.666763,216.2,110.2031,-0.4714
47,33847.73,7.071,275.089,257.046478,236.2767,101.2237,-0.4048
48,33076.5,7.28,287.002,253.660828,236.6153,91.4168,-0.3687
49,32322.84,7.28,300.248,242.469696,221.4112,98.8364,-0.4199
50,31586.35,7.28,267.994,271.65155,237.8134,131.2986,-0.5045
51,30866.65,7.616,267.526,284.674469,259.606,116.8087,-0.4228
52,30163.34,6.708,277.029,242.148193,214.9977,111.4079,-0.4781
53,29476.06,7.211,235.41,306.320648,289.7976,99.2457,-0.3299
54,28804.44,7.211,278.167,259.236237,224.873,128.9789,-0.5208
55,28148.12,7.211,279.251,258.230316,228.7737,119.7728,-0.4823
56,27506.76,7.81,288.453,270.76355,248.062,108.5271,-0.4124
57,26880.01,7.81,285.575,273.492218,253.4548,102.7553,-0.3852
58,26267.54,7.071,279.159,253.298523,216.8613,130.8867,-0.543
59,25669.03,7.81,293.517,266.092285,237.4873,120.0204,-0.4679
60,25084.15,7.211,336.269,214.444321,191.0203,97.4557,-0.4718
61,24512.6,8.062,283.397,284.486084,239.1862,154.0204,-0.5721
62,23954.07,8.062,281.114,286.796875,235.3685,163.8722,-0.6082
63,23408.27,7.616,272.36,279.621521,251.0111,123.2138,-0.4563
64,22874.91,6.708,278.002,241.30072,194.475,142.8479,-0.6335
65,22353.7,7.616,269.551,282.535004,241.9555,145.8889,-0.5426
66,21844.36,7.28,271.647,267.999084,233.0876,132.2637,-0.5161
67,21346.63,7.28,265.113,274.603821,239.5959,134.168,-0.5105
68,20860.24,8.246,244.826,336.818634,288.2883,174.1742,-0.5435
69,20384.93,7.28,255.033,285.457214,229.8515,169.2752,-0.6348
70,19920.46,6.403,275.002,232.83934,182.3447,144.7915,-0.6711
71,19466.56,7.81,245,318.785706,244.8979,204.0816,-0.6947
72,19023.01,7.211,259.625,277.751007,241.2284,137.6753,-0.5186
73,18589.57,7.211,240.252,300.147522,241.8531,177.7516,-0.6338
74,18166,8.062,262.88,306.689453,236.3037,195.4968,-0.6912
75,17752.08,7.28,238.38,305.399414,275.407,131.9842,-0.4469
76,17347.59,7.616,268.002,284.168671,226.2444,171.9457,-0.6499
77,16952.32,7.28,224.129,324.81723,245.0532,213.2022,-0.716
78,16566.06,7.616,232.693,327.288544,228.6411,234.1816,-0.7974
79,16188.6,7.28,209.093,348.175232,274.9314,213.6322,-0.6606
80,15819.73,7.28,208.543,349.094696,238.9055,254.5413,-0.8171
81,15459.28,7.28,223.987,325.024353,219.8525,239.3861,-0.8279
82,15107.03,8.062,193.776,416.061432,337.4258,243.4153,-0.6249
83,14762.82,7,227.02,308.343109,234.9722,199.6585,-0.7043
84,14426.44,7.071,220.592,320.549042,257.4957,190.9126,-0.638
85,14097.73,8.062,225.499,357.528931,240.118,264.8968,-0.8344
86,13776.51,8,219.317,364.768616,266.1122,249.4803,-0.7532
87,13462.61,8.062,183.208,440.061462,354.5359,260.6882,-0.634
88,13155.86,8,214.441,373.062744,229.6401,294.0089,-0.9077
89,12856.1,7.071,184.567,383.116455,303.8309,233.3774,-0.655
90,12563.17,9.055,199.444,454.030975,317.7636,324.2999,-0.7956
91,12276.91,7.28,233.311,312.034637,233.1264,207.4071,-0.7271
92,11997.18,7.28,169.532,429.424683,296.7885,310.358,-0.8077
93,11723.82,8.246,211.993,388.985199,187.3568,340.8914,-1.0683
94,11456.69,8.062,199.161,404.811615,269.255,302.2816,-0.8431
95,11195.64,8.544,183.371,465.940277,337.5464,321.1896,-0.7606
96,10940.55,7.28,196.657,370.193176,278.9988,243.3159,-0.7172
97,10691.26,7.28,168.22,432.772888,348.7879,256.2018,-0.6335
98,10447.66,7.616,182.923,416.336578,297.9588,290.7863,-0.7732
99,10209.61,7.616,163.414,466.042847,328.0407,331.0366,-0.7899
100,9976.98,7.616,183.698,414.580902,195.8809,365.3875,-1.0787
101,9749.65,7.211,198.98,362.403534,291.9708,214.6844,-0.634
102,9527.5,8.602,172.256,499.393005,388.2448,314.1008,-0.6802
103,9310.41,8.062,173.003,466.018677,312.3956,345.8069,-0.8361
104,9098.27,7.616,172.409,441.726105,302.439,321.9512,-0.8166
105,8890.97,8.602,171.304,502.167755,354.7453,355.4268,-0.7864
106,8688.38,8.602,165.605,519.448547,357.7028,376.6636,-0.8112
107,8490.42,7.81,156.042,500.523376,362.6432,344.9834,-0.7604
108,8296.96,8.602,155.116,554.573364,339.5536,438.4689,-0.9119
109,8107.91,7.81,156.349,499.539551,381.264,322.7654,-0.7025
110,7923.17,8.602,147.054,584.975647,352.8323,466.5896,-0.9233
111,7742.64,8.485,118.207,717.829712,476.6336,536.7494,-0.8447
112,7566.22,8.485,121.758,696.897461,319.7302,619.2243,-1.0942
113,7393.82,7.81,179.978,433.956299,183.3786,393.307,-1.1345
114,7225.35,7.81,157.509,495.861389,244.6693,431.2951,-1.0548
115,7060.72,7.81,149.013,524.130615,330.1058,407.1155,-0.8895
116,6899.84,8.485,94.847,894.625977,840.3734,306.803,-0.35
117,6742.62,7.071,138.13,511.912598,345.912,377.3585,-0.8288
118,6588.99,7.81,142.127,549.527283,325.7426,442.5743,-0.9363
119,6438.86,7.81,108.046,722.86145,242.4191,681.0005,-1.2288
120,6292.15,8.485,124.036,684.09668,113.0973,674.6831,-1.4047
121,6148.78,7.81,145.003,538.625122,411.3954,347.6648,-0.7016
122,6008.68,7.81,125.028,624.680054,424.7697,458.0348,-0.8231
123,5871.77,8.602,83.487,1030.384888,987.0875,295.5524,-0.2909
124,5737.98,7.81,121.202,644.397827,407.7604,498.979,-0.8857
125,5607.24,7.81,157.08,497.216034,216.0168,447.8398,-1.1214
126,5479.47,8.602,87.476,983.395935,682.1747,708.3116,-0.8042
127,5354.62,7.211,109.385,659.242615,441.2871,489.7617,-0.8374
128,5232.61,7.211,113.159,637.252991,451.3862,449.8242,-0.7837
129,5113.39,7.211,100.17,719.887451,480.3667,536.1769,-0.8402
130,4996.88,7.81,147.122,530.867493,293.8323,442.1344,-0.9842
131,4883.02,7.211,126.436,570.33728,421.6189,384.0861,-0.7388
132,4771.76,8.062,171.187,470.961975,419.3824,214.2979,-0.4724
133,4663.03,8.944,118.929,752.071045,520.362,542.9864,-0.8067
134,4556.79,8.062,109.895,733.630066,518.3406,519.1687,-0.7862
135,4452.96,8.062,130.384,618.346924,288.2353,547.0588,-1.0859
136,4351.5,8.062,118.106,682.629639,606.4951,313.2841,-0.4768
137,4252.35,7.616,99.96,761.882141,556.4452,520.4163,-0.752
138,4155.46,7.616,161.012,472.99292,406.9431,-241.08,0.5348
139,4060.77,8.062,143.68,561.125183,-131.7574,545.437,-1.8078
140,3968.25,7.616,176.23,432.149719,190.2953,-387.9962,1.1148
141,3877.83,7.616,78.746,967.126221,730.5273,633.7688,-0.7146
142,3789.47,7.616,75.802,1004.687927,135.7466,995.4751,-1.4353
143,3703.13,8.544,183.663,465.200684,142.2981,442.9028,-1.2599
144,3618.75,7.616,102.078,746.070984,147.7926,731.286,-1.3714
145,3536.3,8.062,183.221,440.028717,-411.975,154.6022,3.5006
146,3455.72,8.544,110.476,773.379272,758.7054,149.9385,-0.1951
147,3376.98,9.487,210.162,451.406006,451.0052,19.0183,-0.0421
148,3300.04,7.616,282.899,269.204407,94.962,251.8992,-1.2103
149,3224.84,7.616,130.924,581.695801,324.9518,482.469,-0.9781
150,3151.36,7.616,87.144,873.934082,-297.6035,821.7012,-1.9183
151,3079.56,7.28,201.062,362.082489,191.2135,307.4754,-1.0144
152,3009.39,8.544,104.924,814.305664,693.9776,426.015,-0.5506
153,2940.82,8.544,113.053,755.751404,611.8456,443.6272,-0.6274
154,2873.81,8.544,70.605,1210.121094,976.9308,714.1423,-0.6312
155,2808.33,8.544,87.298,978.713196,961.816,181.0786,-0.1861
156,2744.34,7.616,232.071,328.165527,325.8629,-38.8065,0.1185
157,2681.81,7.28,119.883,607.266479,438.3523,420.2616,-0.7643
158,2620.71,8.246,303.872,271.37149,99.8505,252.3338,-1.194
159,2560.99,8.246,72.25,1141.350952,1011.4943,-528.7357,0.4817
160,2502.64,7.071,75.425,937.490845,936.8958,33.3977,-0.0356
161,2445.62,8.544,97.046,880.404114,602.0386,642.3869,-0.8178
162,2389.89,7.28,65.924,1104.315186,996.3185,476.3,-0.4459
163,2335.44,7.28,50.922,1429.672852,1164.6742,829.1553,-0.6187
164,2282.22,8.246,71.176,1158.568726,911.962,714.5676,-0.6646
165,2230.22,7.28,185.44,392.585693,2.3264,392.5788,-1.5649
166,2179.41,7.28,41.4,1758.460083,1406.0677,-1056.0094,0.6442
167,2129.75,8.246,73,1129.618042,514.1678,1005.8172,-1.0982
168,2081.22,8.062,164.076,491.372742,489.2091,46.0607,-0.0939
169,2033.8,7.28,35.228,2066.579102,2038.6785,338.4367,-0.1645
170,1987.46,7.28,163.835,444.355469,261.1579,359.5112,-0.9426
171,1942.17,7.071,157.207,449.793823,373.8772,-250.0607,0.5895
172,1897.92,7.616,60.828,1252.025391,794.5945,967.5676,-0.8832
173,1854.68,8.062,161.595,498.916992,489.7943,94.9719,-0.1915
174,1812.42,9.487,43.046,2203.857666,1440.9065,1667.5662,-0.8582
175,1771.12,8.246,27.019,3052.059814,-849.3146,2931.5071,4.4304
176,1730.77,8.246,108.06,763.112976,762.1821,37.6809,-0.0494
177,1691.33,7,51.4,1361.8573,821.3475,1086.2981,-0.9234
178,1652.79,9,86.977,1034.756226,975.5453,345.0099,-0.3399
179,1615.13,7.071,49.82,1419.332275,56.4062,1418.2111,-1.531
180,1578.33,8.246,218.002,378.262573,239.8737,292.4776,-0.8839
181,1542.37,8.246,199.902,412.511688,412.4021,9.5093,-0.0231
182,1507.23,8.246,168.122,490.489746,285.1584,399.08,-0.9504
183,1472.88,8.062,91.351,882.558472,503.2953,724.985,-0.964
184,1439.32,8.062,148,544.747131,533.2359,-111.3951,0.2059
185,1406.53,8.062,55.543,1451.540283,1251.2155,735.8185,-0.5316
186,1374.48,8.062,91.679,879.402771,829.2683,-292.6829,0.3393
187,1343.16,8.062,161.447,499.376221,477.2684,146.9404,-0.2987
188,1312.56,8,47.434,1686.547974,1386.6666,959.9999,-0.6055
189,1282.65,8.246,122.381,673.817078,363.2236,567.5369,-1.0015
190,1253.42,7.28,67.417,1079.868774,719.472,805.2805,-0.8416
191,1224.86,8.062,58.138,1386.750488,-76.9233,1384.6154,-1.6263
192,1196.96,7.071,140.207,504.330627,360.1587,353.037,-0.7754
193,1169.68,8,127.44,627.745483,492.5805,389.1386,-0.6686
194,1143.03,7.071,40,1767.766968,1750,250,-0.1419
195,1116.99,9.055,49.031,1846.884521,1838.6025,-174.709,0.0947
196,1091.54,9,183.848,489.535492,452.6628,-186.3906,0.3906
197,1066.66,9.055,218.021,415.345306,413.397,40.1826,-0.0969
198,1042.36,9.055,44.294,2044.360352,-1162.0795,1681.9573,4.1078
199,1018.61,9.055,112.432,805.408508,499.1694,632.0703,-0.9023
200,995.4,7.071,170.88,413.802948,376.7123,171.2329,-0.4266
201,972.72,8.246,157.867,522.351685,188.5884,487.1198,-1.2014
202,950.56,8.062,255.267,315.836853,311.0757,54.6339,-0.1739
203,928.9,6.325,102,620.054443,103.8062,611.3033,-1.4026
204,907.73,9,142.127,633.237732,632.6732,26.7326,-0.0422
205,887.05,8.062,173.462,464.785767,-403.1374,-231.3138,2.6207
206,866.84,7,123.037,568.936462,-13.8724,568.7673,4.688
207,847.09,9.055,65,1393.13623,-153.8462,1384.6155,-1.6815
208,827.79,8.544,144.201,592.505493,-24.5263,591.9976,-1.6122
209,808.92,6.083,121.758,499.578278,444.5194,-227.9933,0.4739
210,790.49,8,293.171,272.878662,269.9275,40.0237,-0.1472
211,772.48,8.062,86.954,927.186462,851.7393,-366.3537,0.4062
212,754.88,9.055,39,2321.893799,-2228.7969,650.8878,3.4257
213,737.68,8,142.524,561.310242,484.4189,-283.5623,0.5296
214,720.87,8,134.134,596.417358,595.8204,26.6785,-0.0447
215,704.45,8.062,96.4,836.33197,416.4425,725.277,-1.0496
216,688.4,8.062,35.805,2251.711182,-1973.4791,1084.2433,3.644
217,672.71,8.062,98.184,821.141846,-533.195,624.4814,4.0057
218,657.38,8.062,95.525,843.995728,46.0273,842.7397,-1.5162
219,642.4,8,70.178,1139.952759,1137.0558,81.2182,-0.0713
220,627.77,8,41.11,1946.01709,1467.4557,1278.1064,-0.7165
221,613.46,8.062,28.16,2862.991699,-655.7374,2786.8855,4.4813
222,599.48,8,45.177,1770.795776,823.1258,-1567.859,1.0873
223,585.82,8.062,80.212,1005.115906,735.1569,685.4213,-0.7504
224,572.48,8.062,39.319,2050.462891,2050.4526,-6.4682,0.0032
225,559.43,8.062,34,2371.252441,1937.7166,1366.7821,-0.6143
226,546.69,8.062,27.166,2967.758301,2967.48,40.6507,-0.0137
227,534.23,8,66.008,1211.982056,1211.843,-18.3613,0.0152
228,522.06,9.055,43.829,2066.061768,983.8627,1816.7623,-1.0745
229,510.16,8.062,51.313,1571.199097,1014.0524,-1200.1519,0.8692
230,498.54,9.055,23.431,3864.744385,3224.0435,-2131.1479,0.5841
231,487.18,8,98.899,808.906555,736.121,-335.3441,0.4275
232,476.08,8.062,103.465,779.22583,758.524,178.4213,-0.231
233,465.23,7.071,22.136,3194.382812,-571.4285,-3142.8572,1.7506
234,454.63,9,10.296,8741.572266,7641.5083,4245.2832,-0.5071
235,444.27,8.062,36.069,2235.208496,1737.1254,-1406.6102,0.6806
236,434.15,9,100.648,894.20636,808.4896,382.0335,-0.4414
237,424.26,7.071,144.848,488.170929,420.857,247.3667,-0.5314
238,414.59,7.071,24.187,2923.526855,2820.5129,769.2308,-0.2663
239,405.14,9.055,88.023,1028.755371,1024.7805,-90.3459,0.0879
240,395.91,40.012,83.487,4792.688965,4572.4531,-1436.1544,0.3043
241,386.89,40.05,199.462,2007.901978,-470.5294,1951.9919,4.4759
242,378.07,40.012,478.674,835.902466,664.2546,-507.4434,0.6524
243,369.46,10.817,27994.219,3.863889,-3.4911,-1.6559,-3.5845
244,361.04,18.439,18311.66,10.069589,9.0552,4.4046,-0.4527
245,352.82,27.586,28373.041,9.722691,-7.3183,6.401,-2.423
246,344.78,9.055,33496.223,2.703405,-2.7034,-0.0124,-3.1462
247,336.92,18.385,25133.643,7.314808,-6.9905,2.1539,-2.8427
248,329.24,33.734,30592.184,11.027084,0.2085,-11.0251,1.5519
249,321.74,17.464,18248.746,9.570109,-9.2955,-2.2761,-3.3817
250,314.41,18.385,26521.068,6.932141,-3.4191,6.0303,-2.0866
251,307.25,48.27,32038.465,15.066288,-10.7346,-10.5717,-3.9193
252,300.25,36.014,13136.259,27.415634,21.2629,-17.3062,0.6832
253,293.41,2,20386.979,0.981018,0.1654,-0.967,1.4013
254,286.72,47.424,21649.242,21.905443,-18.5976,-11.5749,-3.6983
255,280.19,52.811,18211.236,28.999123,24.8708,-14.9129,0.5401
256,273.8,39.925,17836.713,22.38357,9.2996,-20.3603,1.1423
257,267.56,11.314,33020.695,3.426248,-2.4963,-2.3469,-3.8962
258,261.47,47.802,19260.537,24.818453,22.6053,-10.2449,0.4255
259,255.51,83.815,22687.592,36.943218,20.3879,-30.808,0.9862
260,249.69,35.057,21717.004,16.142693,16.1311,-0.6113,0.0379
261,244,1.414,15433.564,0.916323,0.5184,0.7556,-0.9694
262,238.44,74.813,30476.256,24.547997,18.9815,15.5662,-0.6869
263,233.01,91.679,25846.986,35.469814,32.1518,14.9791,-0.436
264,227.7,113.071,17446.695,64.80928,-46.5181,-45.1255,-3.9118
265,222.51,30.871,34170.418,9.034335,2.2,-8.7624,1.3248
266,217.44,31.623,34369.387,9.200855,-2.0323,8.9736,-1.7935
267,212.48,103.368,15787.546,65.474564,62.6256,19.1038,-0.2961
268,207.64,139.714,35924.035,38.891506,-38.8022,-2.6338,-3.2094
269,202.91,117.273,29769.373,39.393906,-14.3467,-36.6886,-4.3396
270,198.29,58.189,22438.613,25.932684,-13.4037,-22.2001,-4.1692
271,193.77,2.828,32735.209,0.864032,0.6499,0.5694,-0.7194
272,189.36,22.804,25128.305,9.07483,7.446,-5.1874,0.6085
273,185.04,15.556,34948.172,4.451262,3.1376,-3.1574,0.7885
274,180.82,12.369,25670.875,4.818424,1.2072,4.6647,-1.3176
275,176.7,25.02,32065.328,7.802818,2.2771,7.4632,-1.2747
276,172.68,17.692,31555.617,5.606547,2.4653,-5.0355,1.1155
277,168.74,21.401,33025.113,6.4802,-3.7056,-5.3161,-4.1036
278,164.9,34.059,33402.531,10.196465,-9.7962,2.829,-2.8605
279,161.14,13.601,32709.873,4.158216,3.452,2.3183,-0.5914
280,157.47,9.434,31932.352,2.954365,2.6658,1.2736,-0.4457
281,153.88,44.045,31771.383,13.863239,-9.6711,9.9327,-2.3429
282,150.38,47.634,31833.977,14.963265,-13.314,-6.8291,-3.6155
283,146.95,5,29223.758,1.710937,-1.7023,0.1718,-3.041
284,143.6,36.892,26141.611,14.112265,-9.6572,-10.2905,-3.9587
285,140.33,54.589,35582.227,15.341754,3.3403,-14.9737,1.3513
286,137.13,36.401,31304.797,11.627787,-10.6799,-4.5985,-3.5482
287,134.01,4.123,24924.477,1.65424,-1.2486,-1.0851,-3.857
288,130.95,57.009,25512.662,22.345285,-18.158,13.023,-2.5194
289,127.97,71.028,33183.816,21.404459,-12.5115,-17.367,-4.0881
290,125.05,54.332,51285.133,10.594163,9.6332,-4.4088,0.4292
291,122.2,3.606,8118.181,4.441329,-3.0499,3.2286,-2.3277
292,119.42,60.166,50782.777,11.847803,-11.0915,-4.1653,-3.5008
293,116.7,61,35471.195,17.197052,14.21,9.6857,-0.5983
294,114.04,103.005,27139.725,37.953537,37.6466,-4.8173,0.1273
295,111.44,53.759,27936.559,19.243143,18.0972,-6.5413,0.3468
296,108.9,23.77,30342.77,7.833737,-5.7382,-5.333,-3.8904
297,106.42,102.201,27480.361,37.190479,37.0066,-3.6937,0.0995
298,104,150.572,36836.562,40.875755,-18.2985,36.5512,-2.0349
299,101.63,159.298,33499.391,47.552647,38.4142,28.0286,-0.6303
300,99.31,84.172,30721.91,27.398178,-15.6807,22.4672,-2.1801
301,97.05,10.198,31506.801,3.236774,3.2359,-0.0738,0.0228
302,94.84,32.985,33534.758,9.836017,9.7166,1.5279,-0.156
303,92.68,70.576,26350.846,26.783278,26.7678,0.9095,-0.034
304,90.56,54.203,34427.184,15.744338,7.8874,-13.6262,1.0461
305,88.5,7,35455.5,1.974306,1.9396,-0.3686,0.1878
306,86.48,61.62,35765.359,17.228905,-15.556,-7.4058,-3.5859
307,84.51,108.894,34914.715,31.188696,16.1891,-26.658,1.025
308,82.59,100.703,33453.594,30.102158,-26.8661,-13.5776,-3.6095
309,80.71,10.296,30963.688,3.325066,1.8312,2.7754,-0.9876
310,78.87,57.28,31160.652,18.38216,-14.0434,-11.8611,-3.8429
311,77.07,122.45,34473.402,35.520134,-28.6598,20.9833,-2.5096
312,75.31,134.004,29783.92,44.991974,-43.5432,11.3255,-2.8871
313,73.6,106.381,35602.18,29.880581,-29.8805,0.0447,-3.1401
314,71.92,23.087,29786.084,7.750865,2.2003,-7.432,1.283
315,70.28,13.454,31864.139,4.222184,-3.29,-2.6462,-3.819
316,68.68,23.087,33687.078,6.853308,6.207,-2.9053,0.4378
317,67.12,9.849,35959.922,2.738843,-2.1306,1.721,-2.4621
318,65.59,15.62,28529.359,5.475237,-4.5838,-2.9944,-3.7203
319,64.09,21.213,33863.203,6.264382,-6.1217,-1.3294,-3.3554
320,62.63,8,56075.504,1.426648,1.3364,-0.4994,0.3577
321,61.2,24.083,34316.578,7.017946,-4.8022,-5.1177,-3.9588
322,59.81,31.145,25968.801,11.99317,-3.7286,-11.3988,-4.3963
323,58.45,17,18832.986,9.026715,-9.0143,0.474,-3.0891
324,57.12,11.045,14522.064,7.605917,7.3642,-1.9022,0.2528
325,55.81,43.081,26123.891,16.491158,14.7965,-7.2816,0.4573
326,54.54,28.601,23777.162,12.028643,8.4048,-8.6051,0.7972
327,53.3,1.414,31185.998,0.453477,-0.2594,0.372,-2.1798
328,52.09,7.616,34643.605,2.19832,2.1296,0.5455,-0.2508
329,50.9,60.811,33188.617,18.322903,-11.5608,14.2154,-2.2536
330,49.74,47.424,34333.949,13.812458,7.9887,-11.2679,0.9541
331,48.61,10.77,32969.793,3.266726,3.098,1.0364,-0.3228
332,47.5,61.847,32370.387,19.105915,-15.7347,-10.8376,-3.7447
333,46.42,78.772,33432.645,23.561348,8.6431,-21.9188,1.1952
334,45.36,35.805,36093.809,9.919991,3.8755,-9.1316,1.1694
335,44.32,4.123,35137.949,1.173405,1.1658,0.1335,-0.114
336,43.31,22.023,30232.217,7.284519,5.8705,4.3129,-0.6336
337,42.33,85.235,33530.645,25.420021,-20.5546,14.9561,-2.5126
338,41.36,109.481,34115.715,32.090958,-20.2643,24.8835,-2.2542
339,40.42,45.804,32328.436,14.168309,-8.0061,11.6895,-2.1713
340,39.5,24.207,34282.66,7.061132,4.5034,-5.4387,0.8792
341,38.6,84.723,34124.188,24.827866,13.1683,21.048,-1.0117
342,37.72,135.207,33130.25,40.81081,28.5787,29.1338,-0.795
343,36.86,161.443,33795.168,47.771172,31.5519,-35.8687,0.8493
344,36.02,44.181,32824.52,13.459889,13.323,-1.9149,0.1427
345,35.2,9.22,32681.404,2.821037,1.8338,-2.1437,0.8632
346,34.4,21.932,32957.973,6.654448,-4.5813,4.8263,-2.3302
347,33.61,11.18,33619.781,3.325524,2.8725,-1.6757,0.5281
348,32.85,15.297,34473.746,4.437306,4.2775,-1.18,0.2692
349,32.1,27.313,33353.918,8.188843,-7.6172,-3.0058,-3.5174
350,31.37,11.705,35353.918,3.310722,1.7798,2.7916,-1.0032
351,30.65,17.205,25120.793,6.848769,-4.1697,5.4332,-2.2254
352,29.96,33.734,43952.16,7.675221,7.6743,0.1211,-0.0158
353,29.27,20,23152.713,8.638296,-2.1062,-8.3776,1.8171
354,28.61,13.038,37497.629,3.477128,3.4757,-0.1,0.0288
355,27.95,39.812,32359.346,12.30311,0.9058,-12.2697,1.4971
356,27.32,36.235,33597.742,10.785052,-9.6435,-4.8291,-3.6058
357,26.69,3.606,33687.746,1.070286,-0.8479,0.6532,-2.4852
358,26.09,35.693,33998.621,10.498407,1.736,-10.3539,1.4047
359,25.49,55.227,33924.898,16.279137,-8.6944,-13.7629,-4.149
360,24.91,38.91,34094.355,11.412491,-10.533,-4.3933,-3.5368
361,24.34,6,33987.5,1.765355,1.7635,-0.0807,0.0457
362,23.79,52.555,35135.406,14.95777,13.9199,-5.4747,0.3747
363,23.25,72.09,33658.574,21.418083,19.0519,-9.7857,0.4745
364,22.72,53.16,34389.273,15.458348,14.6484,-4.9381,0.3251
365,22.2,1,33983.242,0.294263,0.2939,-0.0136,0.0462
366,21.69,58.421,33978.16,17.193659,-17.1188,-1.6028,-3.2349
367,21.2,94.868,34126.848,27.798738,-23.0585,-15.5267,-3.7342
368,20.72,89.471,33804.426,26.467144,-12.5418,-23.3069,-4.2187
369,20.24,42.379,34522.254,12.27592,1.2821,-12.2088,1.4662
370,19.78,30.463,32900.93,9.259037,-8.6485,3.3066,-2.7764
371,19.33,101.134,34225.277,29.549379,-27.9234,-9.6669,-3.4749
372,18.89,136.132,34204.137,39.79995,0.8866,-39.7901,1.5485
373,18.46,122.43,34495.203,35.491768,32.2483,-14.8227,0.4308
374,18.04,61.587,34063.176,18.080328,10.5632,14.6737,-0.9469
375,17.63,7.211,34826.34,2.070589,1.6816,-1.2082,0.623
376,17.23,22.023,34370.039,6.407533,0.2811,6.4014,-1.5269
377,16.84,12.207,34585.355,3.5294,-2.9954,-1.8667,-3.6989
378,16.45,13.342,34602.227,3.855724,-3.7072,1.06,-2.8631
379,16.08,27.459,34470.828,7.965884,4.1409,-6.805,1.0241
380,15.71,13.153,34876.219,3.771322,0.7148,3.703,-1.3801
381,15.35,16.279,34584.293,4.706998,3.1405,3.5062,-0.8404
382,15,33.106,32307.146,10.247235,-8.7618,-5.3139,-3.6868
383,14.66,22,34496.195,6.377515,6.3594,-0.4809,0.0755
384,14.33,10.77,34404.57,3.130494,2.855,-1.2841,0.4227
385,14,38.079,35325.262,10.7795,-9.136,5.7211,-2.5821
386,13.68,38.184,35098.762,10.878949,7.5401,-7.8421,0.805
387,13.37,6.403,34706.215,1.84495,-1.1687,1.4276,-2.2568
388,13.07,33.302,34175.023,9.744441,-6.0714,7.6218,-2.2434
389,12.77,55.172,35263.621,15.645715,10.4566,-11.6382,0.8388
390,12.48,40.311,34889.766,11.553901,-8.1408,8.1988,-2.3526
391,12.19,3.606,35089.129,1.027541,-0.8534,0.5723,-2.5509
392,11.91,49.031,35142.492,13.951942,13.47,-3.6352,0.2636
393,11.64,72.007,35039.758,20.550068,-20.5228,1.0575,-3.0901
394,11.38,55.946,35362.988,15.820609,13.9826,7.4013,-0.4868
395,11.12,4.243,34891.086,1.215967,-0.9063,-0.8106,-3.8713
396,10.87,55.109,34846.418,15.81482,-4.2016,-15.2465,-4.4435
397,10.62,93.472,34984.527,26.718075,-10.439,24.5944,-1.9722
398,10.38,91.263,34869.883,26.172544,21.1665,-15.3942,0.6288
399,10.14,44.102,35144.641,12.548757,-12.5485,-0.0872,-3.1485
400,9.91,26.249,35926.562,7.30624,-4.5102,-5.748,-4.0471
401,9.68,94.641,34267.027,27.618801,-1.9668,27.5487,-1.6421
402,9.46,134.618,34561.535,38.95023,30.6545,-24.0296,0.6648
403,9.25,126.531,34669.398,36.496346,-34.8425,-10.8619,-3.4438
404,9.04,65.391,35244.566,18.553535,7.4735,16.9818,-1.1562
405,8.83,5,34899.988,1.432665,-0.828,1.1692,-2.187
406,8.63,21.633,34600.77,6.252263,5.0673,-3.6625,0.6258
407,8.43,14,34666.16,4.03852,-4.0383,0.0451,-3.1304
408,8.24,10.817,34532.227,3.132336,-2.6258,-1.7078,-3.7182
409,8.05,27.313,35258.617,7.746475,3.221,7.0451,-1.142
410,7.87,14.866,35575.809,4.178701,1.3559,-3.9526,1.2403
411,7.69,13.416,35039.918,3.828892,3.3926,-1.775,0.482
412,7.51,32.894,34355.578,9.574506,-8.8324,-3.6959,-3.5379
413,7.34,24.739,34824.273,7.103848,1.9195,6.8396,-1.2972
414,7.18,6.403,34674.902,1.846616,-1.0762,1.5006,-2.193
415,7.01,36.346,34851.664,10.428645,10.3464,1.3068,-0.1256
416,6.85,39.357,35018.543,11.238999,-5.395,-9.8595,-4.2117
417,6.7,8.062,35359.848,2.28006,-1.2103,1.9323,-2.1303
418,6.54,31.145,35118.312,8.868542,-8.8365,-0.7529,-3.2266
419,6.39,54.406,35383.777,15.37594,4.7361,14.6284,-1.2577
420,6.25,41.869,36404.879,11.500887,8.6674,-7.5595,0.7172
421,6.11,2.236,35338.102,0.632764,-0.5682,-0.2785,-3.5973
422,5.97,48.765,35089.285,13.89733,3.4718,-13.4567,1.3183
423,5.83,72.173,35495.918,20.332874,-20.3064,-1.0381,-3.1927
424,5.7,56.436,36077.141,15.643092,2.4178,15.4551,-1.4156
425,5.57,11.18,35669.027,3.134467,3.0676,-0.6439,0.2069
426,5.44,51.865,35537.051,14.594687,5.0937,13.677,-1.2143
427,5.32,91.417,36219.105,25.239889,23.5973,-8.9564,0.3628
428,5.2,93.638,36827.676,25.425877,-8.4004,-23.9981,-4.3757
429,5.08,52.202,36392.398,14.344076,-13.4067,5.1004,-2.7781
430,4.96,20.591,37277.312,5.523805,-2.7467,-4.7925,-4.192
431,4.85,95.603,36557.957,26.151175,-6.414,25.3524,-1.8186
432,4.74,133.821,36355.258,36.809193,36.0802,-7.2893,0.1993
433,4.63,129.201,36048.531,35.840961,-23.4639,-27.0928,-3.9986
434,4.53,76.026,36281.098,20.9548,-9.1693,18.8422,-2.0237
435,4.42,3,35686.082,0.840664,-0.8405,0.0167,-3.1217
436,4.32,21.024,36334.164,5.786234,5.2835,2.3589,-0.4199
437,4.22,13.601,35209.238,3.86304,-2.3072,-3.0984,-4.0723
438,4.13,9.487,36643.98,2.58892,0.8366,-2.45,1.2417
439,4.03,26,36372.762,7.148206,-6.5581,2.8439,-2.7324
440,3.94,15.033,35364.418,4.250967,4.2455,0.2157,-0.0508
441,3.85,13.038,36566.242,3.565695,1.9542,2.9825,-0.9907
442,3.76,31.89,35384.906,9.012441,5.7996,-6.8985,0.8717
443,3.68,27.019,35434.992,7.624811,-7.6222,-0.2013,-3.168
444,3.59,6.403,35707.852,1.793198,-1.1559,-1.3709,-4.0119
445,3.51,34.409,35688.816,9.64148,-5.1818,8.1306,-2.1382
446,3.43,39.205,35850.023,10.935722,10.8699,-1.198,0.1098
447,3.35,13,36035.781,3.607525,-1.4094,-3.3208,-4.311
448,3.28,27.019,36406.18,7.421409,5.7535,-4.6877,0.6837
449,3.2,54.083,36254.613,14.917624,-12.4897,-8.1574,-3.7202
450,3.13,44.922,36800.562,12.206921,-3.4248,11.7166,-1.8552
451,3.06,2,36795.875,0.543539,0.5435,-0.0068,0.0125
452,2.99,40.112,36396.504,11.020932,-0.6717,11.0004,-1.6318
453,2.92,71.568,36145.371,19.800085,18.9649,-5.6898,0.2915
454,2.85,63.953,36226.707,17.65358,-3.3446,-17.3339,-4.5218
455,2.79,11.662,36071.156,3.233027,-2.732,1.7287,-2.5774
456,2.73,45.188,36673.098,12.321974,-5.4778,-11.0374,-4.2517
457,2.66,88.255,37111.102,23.781378,-22.3842,8.0314,-2.7971
458,2.6,96.302,36516.758,26.371897,5.9232,25.6981,-1.3443
459,2.54,59.034,36904.73,15.996293,15.6787,-3.1716,0.1996
460,2.49,11.045,37144.77,2.973598,0.3257,2.9557,-1.461
461,2.43,87.281,37206.055,23.458858,23.3622,-2.127,0.0908
462,2.37,134.06,37981.68,35.295883,-1.264,-35.2732,-4.6766
463,2.32,133.27,38090.16,34.988144,-31.2874,-15.661,-3.6057
464,2.27,76.059,38320.082,19.848389,-9.358,17.5039,-2.0618
465,2.21,46.174,38745.066,11.91728,3.8296,11.2852,-1.2436
466,2.16,15,36974.582,4.056841,-3.2165,2.4723,-2.4863
467,2.12,22.023,37378.438,5.891823,3.7972,4.505,-0.8704
468,2.07,7.81,36767.973,2.124199,1.6177,-1.3767,0.7051
469,2.02,16.279,38415.574,4.237557,3.1625,2.8205,-0.7283
470,1.97,24.021,38238.273,6.28188,0.1931,-6.2789,1.5401
471,1.93,1,36538.305,0.273685,-0.2737,0.0023,-3.1331
472,1.88,27.166,37004.391,7.341333,-0.874,-7.2891,-4.5931
473,1.84,34.438,36776.945,9.364114,-8.4583,-4.018,-3.5851
474,1.8,16.155,37821.473,4.271514,-1.5666,3.9739,-1.9463
475,1.76,20.616,37789.648,5.455337,-5.3046,-1.2736,-3.3772
476,1.72,42.426,36797.156,11.529806,-1.4588,11.4371,-1.6977
477,1.68,34.059,38689.109,8.803194,6.7631,5.6353,-0.6947
478,1.64,7.211,37619.863,1.916834,-1.0524,1.6021,-2.152
479,1.6,38.013,36753.871,10.342628,4.7185,9.2036,-1.0971
480,1.57,54.083,37368.688,14.472884,11.9932,-8.1011,0.5941
481,1.53,34.059,36941.652,9.219613,-0.3666,-9.2123,-4.6726
482,1.5,26.683,36857.746,7.239544,7.0436,-1.6728,0.2332
483,1.46,61.4,37685.105,16.292995,4.4737,-15.6668,1.2926
484,1.43,72.125,36346.324,19.843792,-14.091,-13.9721,-3.9228
485,1.4,49.041,36701.242,13.362164,-12.7743,3.9198,-2.8439
486,1.37,1,35229.84,0.28385,-0.002,-0.2838,1.5777
487,1.33,57.489,35460.516,16.212152,-12.4642,-10.3672,-3.8354
488,1.3,98.412,35097.535,28.03969,-12.9691,24.8601,-2.0516
489,1.27,71.847,35163.273,20.432417,11.7257,16.733,-0.9596
490,1.24,42.72,35097.984,12.171644,10.3058,6.476,-0.561
491,1.22,32.757,35038.27,9.348829,-8.0102,4.8206,-2.5998
492,1.19,105.475,35239.367,29.931046,2.9738,29.7829,-1.4713
493,1.16,138.235,35167.035,39.308205,36.9478,13.4163,-0.3483
494,1.14,107.48,35050.023,30.66481,21.7086,-21.6579,0.7842
495,1.11,20.248,35168.09,5.757622,-2.0027,-5.3981,-4.3571
496,1.08,8.602,35005.246,2.457439,1.9943,1.4358,-0.624
497,1.06,22.136,34975.625,6.328963,1.9655,-6.016,1.255
498,1.04,0,35119.598,0,0,0,-1.565
499,1.01,16.279,35267.156,4.615859,3.3933,-3.1292,0.7449
500,0.99,24.187,35119.359,6.88702,-6.0094,-3.3642,-3.6519
501,0.97,11.402,35125.191,3.246033,-3.1245,0.8798,-2.8671
502,0.94,27.459,35296.363,7.779572,-4.2792,-6.4969,-4.13
503,0.92,33.734,35284.434,9.560662,-9.3623,-1.9375,-3.3457
504,0.9,4.123,35050.145,1.176345,0.2945,1.1389,-1.3177
505,0.88,20.809,35261.781,5.901192,-4.8437,-3.3709,-3.7496
506,0.86,39.623,35328.352,11.215702,-11.0304,2.0305,-2.9596
507,0.84,23.324,35307.512,6.605905,3.4291,5.6461,-1.025
508,0.82,7.071,35904.32,1.96942,-1.9508,-0.2703,-3.2793
509,0.8,38.601,35465.422,10.883986,-8.7092,6.5278,-2.4984
510,0.79,54.332,35224.258,15.424685,-1.6446,15.3368,-1.6776
511,0.77,15.811,35149.492,4.498326,4.2599,-1.4451,0.327
512,0.75,26.401,35363.234,7.465595,-3.086,6.7979,-1.9969
513,0.73,61.741,35302,17.489491,7.365,15.8631,-1.1361
514,0.72,71.84,36995.27,19.418726,18.6715,5.335,-0.2783
515,0.7,49.092,37377.098,13.134179,10.9526,-7.2489,0.5847
516,0.68,1,37463.477,0.266927,0.0013,0.2669,-1.5658
517,0.67,57.315,37982.422,15.089854,10.3199,11.0092,-0.8177
518,0.65,94.191,37600.324,25.050659,24.9929,-1.6994,0.0679
519,0.64,90.443,37418.023,24.171066,13.9187,-19.7613,0.9572
520,0.62,42.72,37843.039,11.288739,-3.1862,-10.8298,-4.4263
521,0.61,33.615,37647.086,8.929103,8.2269,3.4708,-0.3992
522,0.6,105.679,37553.242,28.141048,24.4486,-13.935,0.518
523,0.58,137.186,37630.086,36.456467,4.7056,-36.1515,1.4414
524,0.57,108.19,37443.207,28.894335,-20.6321,-20.2286,-3.9171
525,0.56,20.224,37441.039,5.401492,-5.3406,0.8088,-2.9913
526,0.54,38.639,37478.363,10.309777,1.8231,-10.1473,1.393
527,0.53,38.471,37593.051,10.233479,4.7732,-9.0521,1.0855
528,0.52,53.759,38319.039,14.029245,-10.1913,-9.6414,-3.8993
529,0.51,27.074,36611.562,7.394924,-7.3794,-0.4782,-3.2063
530,0.5,13.153,36364.754,3.616949,0.5149,-3.5801,1.428
531,0.48,42.755,37358.422,11.444572,-11.2607,-2.0432,-3.3211
532,0.47,42.485,37173.859,11.428807,-10.2568,-5.0414,-3.5984
533,0.46,15.652,36505.312,4.287725,-1.8742,3.8564,-2.0232
534,0.45,40.311,36441.891,11.061799,-9.6425,-5.4208,-3.6537
535,0.44,40.311,36756.184,10.967213,-7.6808,-7.8284,-3.9365
536,0.43,48.795,35956.016,13.570884,-9.6628,9.5288,-2.3632
537,0.42,12.728,36242.02,3.511924,-2.5019,-2.4646,-3.9195
538,0.41,12.53,35153.148,3.564393,-1.732,-3.1153,-4.205
539,0.4,70.328,35237.746,19.95809,-17.2461,10.0448,-2.6142
540,0.39,37.736,35074.629,10.758753,5.7566,9.0891,-1.0062
541,0.38,37.363,35064.664,10.65548,2.9151,10.249,-1.2937
542,0.38,60.407,36690.422,16.463957,-15.4868,5.5876,-2.7953
543,0.37,60.075,36129.445,16.627699,-16.6026,0.9126,-3.0867
544,0.36,94.048,36618.164,25.68339,4.0256,25.3659,-1.4134
545,0.35,94.048,35515.902,26.480494,-3.7553,26.2129,-1.7131
546,0.34,5,35815.23,1.396054,-1.396,0.005,-3.138
547,0.33,126.57,35547.328,35.606091,3.5283,35.4308,-1.4715
548,0.33,126.301,35143.77,35.938438,-6.595,35.3281,-1.7554
549,0.32,91.049,35233.18,25.841959,25.8305,0.7694,-0.0298
550,0.31,90.758,34687.066,26.164772,24.8094,8.3118,-0.3233
551,0.31,98.005,34826.109,28.141273,-3.7975,27.8839,-1.7062
552,0.3,97.99,34591.055,28.328074,-11.8066,25.7504,-2.0007
553,0.29,98.494,34395.031,28.636011,-18.8693,21.54,-2.2902
554,0.28,200.479,34303.203,58.443356,51.4031,27.8091,-0.4959
555,0.28,200.823,34585.164,58.066315,40.8955,41.2221,-0.7894
556,0.27,23.324,35687.105,6.53564,3.3762,-5.5961,1.0279
557,0.27,23.345,34513.113,6.764164,4.9137,-4.6486,0.7577
558,0.26,263.251,34255.012,76.850311,66.0068,39.3583,-0.5377
559,0.25,263.23,34766.035,75.714684,51.5636,55.4428,-0.8216
560,0.25,263.866,34678.094,76.089966,33.6081,68.2655,-1.1133
561,0.24,247.491,35192.012,70.326019,49.4047,-50.0493,0.7919
562,0.24,247.487,35484.004,69.746185,61.1354,-33.5707,0.5022
563,0.23,247.316,35511.094,69.644592,68.1148,-14.5171,0.21
564,0.23,182.784,35033.035,52.174763,29.3393,43.1441,-0.9736
565,0.22,182.486,34792.129,52.450256,15.9447,49.968,-1.2619
566,0.22,523.748,34855.609,150.262207,111.3409,-100.9056,0.7363
567,0.21,524.141,36295.512,144.409363,129.8306,-63.2303,0.4532
568,0.21,524.436,37224.016,140.886444,138.8659,-23.775,0.1696
569,0.2,524.172,37198.055,140.913757,139.762,17.9796,-0.1279
570,0.2,159.7,36811.012,43.383682,-16.2678,-40.2182,-4.328
571,0.19,160.798,37854.113,42.478344,-4.3306,-42.257,-4.6103
572,0.19,160.031,36419.012,43.941681,8.5452,-43.1028,1.3751
573,0.18,705.829,36689.215,192.380417,178.7717,-71.0697,0.3784
574,0.18,705.286,36735.383,191.99086,191.1791,-17.6366,0.092
575,0.18,705.431,37141.578,189.930298,186.1057,37.9237,-0.201
576,0.17,705.596,37164,189.860123,167.0875,90.159,-0.4948
577,0.17,892.82,37192.184,240.055878,-41.6709,-236.4114,-4.5379
578,0.16,892.857,36762.512,242.87149,26.5718,-241.4135,1.4612
579,0.16,892.24,35777.848,249.383484,98.5648,-229.0788,1.1645
80,0.16,434.581,36655.059,118.559738,110.8372,-42.0896,0.3629
81,0.15,434.494,36815.848,118.018181,117.6761,-8.9795,0.0762
582,0.15,434.793,36338.117,119.652061,117.1713,24.2385,-0.204
583,0.15,434.48,37012,117.389,103.2007,55.9445,-0.4968
584,0.14,434.899,36926.094,117.775482,82.1394,84.4049,-0.799
585,0.14,2085.954,36439.008,572.450867,-51.7553,-570.1064,-4.6219
586,0.14,2085.83,35581.941,586.20459,158.5283,-564.3621,1.297
587,0.13,2086.701,32399.684,644.049805,296.2763,-571.8571,1.0928
588,0.13,2085.897,33281.391,626.745667,434.2646,-451.912,0.8053
589,0.13,2086.517,32228.123,647.421265,569.2335,-308.4276,0.4965
590,0.12,1166,32631.168,357.32724,-357.3169,-2.7159,-3.1492
591,0.12,1165.645,30983,376.220917,-361.4986,-104.2157,-3.4223
592,0.12,1165.636,31077.773,375.07077,-313.8047,-205.4377,-3.7212
593,0.12,1165.352,30817.918,378.141022,-243.4088,-289.3835,-4.0131
594,0.11,1166.132,31973.279,364.720947,-140.5526,-336.5507,-4.3168
595,0.11,3489.407,30360.521,1149.323975,-74.9778,-1146.8757,-4.6471
596,0.11,3489.343,29575.588,1179.805054,254.9349,-1151.9324,1.353
597,0.11,3489.845,30517.896,1143.540405,551.4821,-1001.7745,1.0676
598,0.1,3489.581,30804.684,1132.808716,802.6741,-799.3558,0.7833
599,0.1,3489.643,30802.613,1132.904907,999.5632,-533.2419,0.4901
600,0.1,3489.413,31534.811,1106.527222,1084.8376,-218.0132,0.1983
601,0.1,6986.122,30076.105,2322.814697,-2299.0701,331.2773,-2.9985
602,0.09,6986.851,30416.139,2297.086914,-2272.6311,-334.2988,-3.2876
603,0.09,6985.995,32387.754,2156.986572,-1951.5165,-918.7897,-3.5816
604,0.09,6985.866,30417.953,2296.625977,-1704.9664,-1538.6946,-3.8758
605,0.09,6986.039,30564.254,2285.689453,-1171.2228,-1962.8076,-4.1744
606,0.09,6985.609,30728.551,2273.328613,-524.243,-2212.0562,-4.4797
607,0.08,6985.639,31200.742,2238.933594,163.9772,-2232.9207,1.4975
608,0.08,6986.56,31479.047,2219.431885,836.8089,-2055.6335,1.1842
609,0.08,2226.782,31114.6,715.671021,31.2606,-714.988,1.5271
610,0.08,2226.453,30695.994,725.32373,231.0698,-687.5328,1.2466
611,0.08,2226.661,30785.223,723.28894,407.7389,-597.4077,0.9719
612,0.07,2227.23,31325.934,710.985901,548.8738,-451.9276,0.6888
613,0.07,2227.293,30938.928,719.899963,663.8842,-278.4129,0.3971
614,0.07,2226.65,31296.246,711.475037,707.1113,-78.6783,0.1108
615,0.07,2226.74,31732.449,701.723389,688.1633,137.2842,-0.1969
616,0.07,2227.26,31493.039,707.222839,619.4096,341.3149,-0.5036
617,0.07,36335.418,24190.34,15020.63184,-13987.0625,5475.5317,-2.7685
618,0.07,36335.781,23523.145,15446.82129,-15430.7363,704.7283,-3.096
619,0.06,36335.328,23900.945,15202.46484,-14508.1719,-4541.7974,-3.445
620,0.06,36335.066,24332.781,14932.55762,-11959.4434,-8941.6436,-3.7836
621,0.06,36334.84,25614.168,14185.44629,-7829.918,-11828.748,-4.1277
622,0.06,36334.688,27316.027,13301.60059,-3425.5308,-12852.9502,-4.4519
623,0.06,36333.809,29072.23,12497.77051,681.1082,-12479.1973,-4.7669
624,0.06,36334.223,31540.295,11519.9375,3898.1213,-10840.3691,1.2256
625,0.06,36334.727,33444.074,10864.32422,6416.3213,-8767.2324,0.939
626,0.05,36334.758,40329.738,9009.420898,7090.2979,-5558.5381,0.6649
627,0.05,36335.086,44843.648,8102.616211,7499.3599,-3067.8965,0.3883
628,0.05,98059.781,51871.848,18904.23828,14097.7422,12594.5967,-0.7291
629,0.05,98059.891,47213.25,20769.57031,12883.4229,16290.8711,-0.9017
630,0.05,98058.812,44475.918,22047.61914,10428.0078,19425.6074,-1.0781
631,0.05,98059.578,38791.898,25278.36523,7674.3262,24085.2754,-1.2623
632,0.05,98060.57,32706.604,29981.88672,3433.6638,29784.6191,-1.456
633,0.05,98061.797,26748.982,36660.01172,-4838.9482,36339.25,-1.7032
634,0.05,98061.844,1326.855,739054.5,685844.1875,275353.125,-0.3818
635,0.04,98063.445,14224.022,68942.13281,-57329.125,38293.457,-2.5527
636,0.04,98063.664,12242.973,80097.92188,-77904.8828,-18614.6895,-3.3761
637,0.04,98062.82,16207.792,60503.5,-34042.5898,-50017.75,-4.1148
638,0.04,98061.516,22992.105,42650.07813,-6254.3418,-42189.0078,-4.5652
639,0.04,98060.609,30677.773,31964.70898,5159.4443,-31545.5664,-4.8745
640,0.04,98060.875,53619.043,18288.44141,16634.2539,-7600.5728,0.4286
641,0.04,98062.953,56772.766,17272.88672,16903.2871,-3554.0806,0.2072
642,0.04,98063.492,55191.816,17767.75977,17762.0098,452.005,-0.0254
643,0.04,173895.969,18029.695,96449.75781,43455.5742,-86105.5703,-5.1798
644,0.04,150996.828,26053.51,57956.42188,-55808.1953,-15633.0381,-3.4147
645,0.03,113672.664,34386.672,33057.1875,-33057.1836,10.0775,-3.1413
646,0.03,90194.141,42483.91,21230.1875,-18904.2695,9661.75,-2.6691
647,0.03,95301.359,43913.43,21702.09961,-10642.6992,18913.3301,-2.0833
648,0.03,126969.672,50097.941,25344.28906,-1995.6332,25265.5977,-1.6496
649,0.03,170755.812,64939.434,26294.62695,4134.4717,25967.5469,-1.4129
650,0.03,153492.75,70718.984,21704.60156,-10023.0361,-19251.7129,-4.2324
651,0.03,110923.867,73720.883,15046.46582,-11088.5127,-10170.5967,-3.8838
